spring_id,date,rainfall_mm,discharge_lpm,temperature_c,season
KPT-SPR-001,2023-01-31,15.8,14.53,29.5,Dry Summer
KPT-SPR-001,2023-02-28,9.0,16.37,29.0,Dry Summer
KPT-SPR-001,2023-03-31,9.9,20.52,21.1,Dry Summer
KPT-SPR-001,2023-04-30,20.4,13.42,28.3,Dry Summer
KPT-SPR-001,2023-05-31,18.2,19.41,29.8,Dry Summer
KPT-SPR-001,2023-06-30,323.5,88.03,31.8,Monsoon
KPT-SPR-001,2023-07-31,415.9,84.83,31.3,Monsoon
KPT-SPR-001,2023-08-31,393.2,89.03,29.5,Monsoon
KPT-SPR-001,2023-09-30,395.6,110.29,23.0,Monsoon
KPT-SPR-001,2023-10-31,87.5,60.88,17.0,Post-Monsoon
KPT-SPR-001,2023-11-30,124.4,46.79,18.9,Post-Monsoon
KPT-SPR-001,2023-12-31,1.5,23.52,24.7,Dry Summer
KPT-SPR-001,2024-01-31,4.4,17.41,18.3,Dry Summer
KPT-SPR-001,2024-02-29,10.2,21.11,22.6,Dry Summer
KPT-SPR-001,2024-03-31,13.4,16.24,29.3,Dry Summer
KPT-SPR-001,2024-04-30,22.4,17.09,17.2,Dry Summer
KPT-SPR-001,2024-05-31,8.3,19.8,31.4,Dry Summer
KPT-SPR-001,2024-06-30,428.5,88.3,20.8,Monsoon
KPT-SPR-001,2024-07-31,333.4,121.13,26.4,Monsoon
KPT-SPR-001,2024-08-31,431.2,118.05,26.4,Monsoon
KPT-SPR-001,2024-09-30,390.2,105.47,25.3,Monsoon
KPT-SPR-001,2024-10-31,77.6,63.39,30.3,Post-Monsoon
KPT-SPR-001,2024-11-30,53.9,50.36,23.0,Post-Monsoon
KPT-SPR-001,2024-12-31,24.5,15.48,26.1,Dry Summer
KPT-SPR-001,2025-01-31,11.2,21.93,20.4,Dry Summer
KPT-SPR-001,2025-02-28,23.8,20.22,27.9,Dry Summer
KPT-SPR-001,2025-03-31,8.3,24.85,23.3,Dry Summer
KPT-SPR-001,2025-04-30,19.3,19.61,24.7,Dry Summer
KPT-SPR-001,2025-05-31,15.0,24.43,25.9,Dry Summer
KPT-SPR-001,2025-06-30,428.7,93.15,20.6,Monsoon
KPT-SPR-001,2025-07-31,334.0,108.99,20.7,Monsoon
KPT-SPR-001,2025-08-31,405.6,112.56,25.4,Monsoon
KPT-SPR-001,2025-09-30,456.0,99.83,31.1,Monsoon
KPT-SPR-001,2025-10-31,50.9,64.02,29.5,Post-Monsoon
KPT-SPR-001,2025-11-30,68.5,52.48,32.5,Post-Monsoon
KPT-SPR-001,2025-12-31,21.1,17.51,30.3,Dry Summer
KPT-SPR-002,2023-01-31,7.0,8.08,25.6,Dry Summer
KPT-SPR-002,2023-02-28,7.3,12.82,24.6,Dry Summer
KPT-SPR-002,2023-03-31,3.0,9.38,24.3,Dry Summer
KPT-SPR-002,2023-04-30,10.9,6.19,22.5,Dry Summer
KPT-SPR-002,2023-05-31,5.4,7.94,18.5,Dry Summer
KPT-SPR-002,2023-06-30,354.2,55.75,17.3,Monsoon
KPT-SPR-002,2023-07-31,443.4,50.21,31.2,Monsoon
KPT-SPR-002,2023-08-31,477.4,49.38,27.2,Monsoon
KPT-SPR-002,2023-09-30,408.7,53.95,27.2,Monsoon
KPT-SPR-002,2023-10-31,76.9,29.16,30.4,Post-Monsoon
KPT-SPR-002,2023-11-30,95.0,25.04,32.1,Post-Monsoon
KPT-SPR-002,2023-12-31,4.1,9.51,19.6,Dry Summer
KPT-SPR-002,2024-01-31,6.5,13.98,19.6,Dry Summer
KPT-SPR-002,2024-02-29,6.3,8.79,30.8,Dry Summer
KPT-SPR-002,2024-03-31,6.4,8.76,30.8,Dry Summer
KPT-SPR-002,2024-04-30,16.8,14.54,20.9,Dry Summer
KPT-SPR-002,2024-05-31,14.9,7.89,29.8,Dry Summer
KPT-SPR-002,2024-06-30,378.6,55.32,32.6,Monsoon
KPT-SPR-002,2024-07-31,290.4,56.42,30.2,Monsoon
KPT-SPR-002,2024-08-31,305.6,44.4,27.3,Monsoon
KPT-SPR-002,2024-09-30,349.6,59.62,23.7,Monsoon
KPT-SPR-002,2024-10-31,77.4,28.55,28.9,Post-Monsoon
KPT-SPR-002,2024-11-30,120.9,28.1,22.3,Post-Monsoon
KPT-SPR-002,2024-12-31,23.0,8.17,32.1,Dry Summer
KPT-SPR-002,2025-01-31,18.7,12.01,17.5,Dry Summer
KPT-SPR-002,2025-02-28,24.6,12.97,32.8,Dry Summer
KPT-SPR-002,2025-03-31,22.8,7.51,27.9,Dry Summer
KPT-SPR-002,2025-04-30,3.8,12.37,30.7,Dry Summer
KPT-SPR-002,2025-05-31,22.0,14.42,32.0,Dry Summer
KPT-SPR-002,2025-06-30,294.3,62.21,27.9,Monsoon
KPT-SPR-002,2025-07-31,339.1,44.45,25.5,Monsoon
KPT-SPR-002,2025-08-31,385.3,49.94,30.2,Monsoon
KPT-SPR-002,2025-09-30,289.4,58.9,31.2,Monsoon
KPT-SPR-002,2025-10-31,118.0,28.61,29.0,Post-Monsoon
KPT-SPR-002,2025-11-30,121.9,32.18,21.3,Post-Monsoon
KPT-SPR-002,2025-12-31,1.9,10.05,21.0,Dry Summer
KPT-SPR-003,2023-01-31,2.4,11.36,29.4,Dry Summer
KPT-SPR-003,2023-02-28,7.4,15.41,22.7,Dry Summer
KPT-SPR-003,2023-03-31,12.7,16.09,27.3,Dry Summer
KPT-SPR-003,2023-04-30,13.2,12.18,20.6,Dry Summer
KPT-SPR-003,2023-05-31,9.8,7.34,20.2,Dry Summer
KPT-SPR-003,2023-06-30,316.0,60.41,20.7,Monsoon
KPT-SPR-003,2023-07-31,380.4,54.77,29.8,Monsoon
KPT-SPR-003,2023-08-31,385.7,70.03,32.0,Monsoon
KPT-SPR-003,2023-09-30,451.7,73.01,31.2,Monsoon
KPT-SPR-003,2023-10-31,124.3,34.44,19.9,Post-Monsoon
KPT-SPR-003,2023-11-30,88.3,31.67,25.5,Post-Monsoon
KPT-SPR-003,2023-12-31,15.6,16.21,25.4,Dry Summer
KPT-SPR-003,2024-01-31,5.6,14.21,25.0,Dry Summer
KPT-SPR-003,2024-02-29,4.5,11.55,28.2,Dry Summer
KPT-SPR-003,2024-03-31,24.0,7.46,30.8,Dry Summer
KPT-SPR-003,2024-04-30,8.3,17.03,31.2,Dry Summer
KPT-SPR-003,2024-05-31,3.5,11.11,18.2,Dry Summer
KPT-SPR-003,2024-06-30,323.5,72.35,22.6,Monsoon
KPT-SPR-003,2024-07-31,363.4,71.35,19.5,Monsoon
KPT-SPR-003,2024-08-31,286.5,63.67,31.8,Monsoon
KPT-SPR-003,2024-09-30,369.3,68.83,31.9,Monsoon
KPT-SPR-003,2024-10-31,102.7,38.33,22.8,Post-Monsoon
KPT-SPR-003,2024-11-30,94.3,41.03,21.2,Post-Monsoon
KPT-SPR-003,2024-12-31,12.8,13.76,24.6,Dry Summer
KPT-SPR-003,2025-01-31,18.3,14.84,28.2,Dry Summer
KPT-SPR-003,2025-02-28,10.1,15.23,20.6,Dry Summer
KPT-SPR-003,2025-03-31,7.8,15.16,27.1,Dry Summer
KPT-SPR-003,2025-04-30,17.2,7.67,20.0,Dry Summer
KPT-SPR-003,2025-05-31,10.1,8.96,22.5,Dry Summer
KPT-SPR-003,2025-06-30,411.4,57.06,19.7,Monsoon
KPT-SPR-003,2025-07-31,306.8,55.23,20.7,Monsoon
KPT-SPR-003,2025-08-31,407.7,60.68,22.3,Monsoon
KPT-SPR-003,2025-09-30,403.7,70.61,20.5,Monsoon
KPT-SPR-003,2025-10-31,106.1,31.16,28.3,Post-Monsoon
KPT-SPR-003,2025-11-30,69.2,37.27,25.7,Post-Monsoon
KPT-SPR-003,2025-12-31,7.5,11.82,29.8,Dry Summer
KPT-SPR-004,2023-01-31,3.4,23.11,30.3,Dry Summer
KPT-SPR-004,2023-02-28,8.6,27.83,28.8,Dry Summer
KPT-SPR-004,2023-03-31,19.4,23.84,26.7,Dry Summer
KPT-SPR-004,2023-04-30,24.9,17.91,33.0,Dry Summer
KPT-SPR-004,2023-05-31,3.5,21.79,31.6,Dry Summer
KPT-SPR-004,2023-06-30,431.0,128.07,20.3,Monsoon
KPT-SPR-004,2023-07-31,417.2,105.98,32.9,Monsoon
KPT-SPR-004,2023-08-31,389.6,117.98,26.2,Monsoon
KPT-SPR-004,2023-09-30,287.0,98.74,20.0,Monsoon
KPT-SPR-004,2023-10-31,81.3,55.36,20.6,Post-Monsoon
KPT-SPR-004,2023-11-30,87.0,52.42,23.2,Post-Monsoon
KPT-SPR-004,2023-12-31,7.1,29.4,23.3,Dry Summer
KPT-SPR-004,2024-01-31,14.6,28.17,21.8,Dry Summer
KPT-SPR-004,2024-02-29,5.0,13.71,17.6,Dry Summer
KPT-SPR-004,2024-03-31,15.7,21.98,22.4,Dry Summer
KPT-SPR-004,2024-04-30,16.5,16.72,30.0,Dry Summer
KPT-SPR-004,2024-05-31,6.2,16.2,22.4,Dry Summer
KPT-SPR-004,2024-06-30,437.2,96.49,29.6,Monsoon
KPT-SPR-004,2024-07-31,346.7,94.96,23.9,Monsoon
KPT-SPR-004,2024-08-31,401.7,117.63,32.2,Monsoon
KPT-SPR-004,2024-09-30,352.5,104.97,25.0,Monsoon
KPT-SPR-004,2024-10-31,115.9,61.71,27.4,Post-Monsoon
KPT-SPR-004,2024-11-30,65.7,51.39,27.1,Post-Monsoon
KPT-SPR-004,2024-12-31,17.2,17.29,28.1,Dry Summer
KPT-SPR-004,2025-01-31,12.5,22.15,20.5,Dry Summer
KPT-SPR-004,2025-02-28,24.8,29.64,27.6,Dry Summer
KPT-SPR-004,2025-03-31,10.2,24.34,19.3,Dry Summer
KPT-SPR-004,2025-04-30,14.1,24.1,22.6,Dry Summer
KPT-SPR-004,2025-05-31,21.6,19.83,22.6,Dry Summer
KPT-SPR-004,2025-06-30,464.8,103.62,22.8,Monsoon
KPT-SPR-004,2025-07-31,476.0,131.09,29.5,Monsoon
KPT-SPR-004,2025-08-31,345.3,126.55,30.6,Monsoon
KPT-SPR-004,2025-09-30,436.7,115.58,29.9,Monsoon
KPT-SPR-004,2025-10-31,129.3,56.34,30.3,Post-Monsoon
KPT-SPR-004,2025-11-30,90.5,64.88,25.1,Post-Monsoon
KPT-SPR-004,2025-12-31,0.5,21.13,25.9,Dry Summer
KPT-SPR-005,2023-01-31,3.5,5.66,18.7,Dry Summer
KPT-SPR-005,2023-02-28,23.1,9.52,21.0,Dry Summer
KPT-SPR-005,2023-03-31,6.6,11.61,25.6,Dry Summer
KPT-SPR-005,2023-04-30,13.4,10.44,27.8,Dry Summer
KPT-SPR-005,2023-05-31,6.9,5.26,21.8,Dry Summer
KPT-SPR-005,2023-06-30,385.2,42.02,23.6,Monsoon
KPT-SPR-005,2023-07-31,442.1,46.46,24.5,Monsoon
KPT-SPR-005,2023-08-31,304.8,44.76,32.8,Monsoon
KPT-SPR-005,2023-09-30,432.2,51.31,32.4,Monsoon
KPT-SPR-005,2023-10-31,120.7,23.43,23.7,Post-Monsoon
KPT-SPR-005,2023-11-30,68.9,23.39,28.6,Post-Monsoon
KPT-SPR-005,2023-12-31,11.7,8.76,25.4,Dry Summer
KPT-SPR-005,2024-01-31,21.0,5.38,29.8,Dry Summer
KPT-SPR-005,2024-02-29,20.5,10.92,25.4,Dry Summer
KPT-SPR-005,2024-03-31,18.2,6.98,25.2,Dry Summer
KPT-SPR-005,2024-04-30,10.3,8.69,20.9,Dry Summer
KPT-SPR-005,2024-05-31,7.7,10.25,22.4,Dry Summer
KPT-SPR-005,2024-06-30,377.6,43.34,26.4,Monsoon
KPT-SPR-005,2024-07-31,393.0,45.54,31.9,Monsoon
KPT-SPR-005,2024-08-31,356.0,44.86,18.0,Monsoon
KPT-SPR-005,2024-09-30,362.4,37.89,32.4,Monsoon
KPT-SPR-005,2024-10-31,128.4,23.38,22.2,Post-Monsoon
KPT-SPR-005,2024-11-30,115.6,21.8,27.2,Post-Monsoon
KPT-SPR-005,2024-12-31,10.5,5.8,26.9,Dry Summer
KPT-SPR-005,2025-01-31,7.2,5.59,30.6,Dry Summer
KPT-SPR-005,2025-02-28,23.6,5.79,26.8,Dry Summer
KPT-SPR-005,2025-03-31,22.4,7.7,19.8,Dry Summer
KPT-SPR-005,2025-04-30,9.8,9.33,22.5,Dry Summer
KPT-SPR-005,2025-05-31,4.5,7.17,28.1,Dry Summer
KPT-SPR-005,2025-06-30,281.6,36.64,24.7,Monsoon
KPT-SPR-005,2025-07-31,451.8,36.33,23.8,Monsoon
KPT-SPR-005,2025-08-31,286.5,48.93,29.8,Monsoon
KPT-SPR-005,2025-09-30,380.6,48.38,24.8,Monsoon
KPT-SPR-005,2025-10-31,78.5,20.02,17.6,Post-Monsoon
KPT-SPR-005,2025-11-30,59.8,20.63,23.7,Post-Monsoon
KPT-SPR-005,2025-12-31,15.6,7.54,26.7,Dry Summer
KPT-SPR-006,2023-01-31,19.2,22.84,27.8,Dry Summer
KPT-SPR-006,2023-02-28,2.9,13.73,32.1,Dry Summer
KPT-SPR-006,2023-03-31,22.4,16.07,19.3,Dry Summer
KPT-SPR-006,2023-04-30,20.6,19.94,18.0,Dry Summer
KPT-SPR-006,2023-05-31,21.0,12.42,23.2,Dry Summer
KPT-SPR-006,2023-06-30,402.9,95.06,17.9,Monsoon
KPT-SPR-006,2023-07-31,316.7,82.87,32.3,Monsoon
KPT-SPR-006,2023-08-31,476.9,99.24,23.6,Monsoon
KPT-SPR-006,2023-09-30,444.1,111.56,19.3,Monsoon
KPT-SPR-006,2023-10-31,76.7,48.3,21.7,Post-Monsoon
KPT-SPR-006,2023-11-30,72.0,49.3,28.3,Post-Monsoon
KPT-SPR-006,2023-12-31,20.3,24.89,18.9,Dry Summer
KPT-SPR-006,2024-01-31,5.1,22.15,30.1,Dry Summer
KPT-SPR-006,2024-02-29,3.4,16.56,26.8,Dry Summer
KPT-SPR-006,2024-03-31,23.6,20.43,21.5,Dry Summer
KPT-SPR-006,2024-04-30,20.2,21.6,28.0,Dry Summer
KPT-SPR-006,2024-05-31,9.4,20.48,17.5,Dry Summer
KPT-SPR-006,2024-06-30,325.8,102.67,25.1,Monsoon
KPT-SPR-006,2024-07-31,334.6,77.11,18.0,Monsoon
KPT-SPR-006,2024-08-31,387.0,77.66,27.5,Monsoon
KPT-SPR-006,2024-09-30,399.3,99.11,32.7,Monsoon
KPT-SPR-006,2024-10-31,69.5,52.13,27.1,Post-Monsoon
KPT-SPR-006,2024-11-30,113.5,58.51,30.9,Post-Monsoon
KPT-SPR-006,2024-12-31,0.9,19.88,22.2,Dry Summer
KPT-SPR-006,2025-01-31,17.8,11.8,27.0,Dry Summer
KPT-SPR-006,2025-02-28,7.5,22.76,19.8,Dry Summer
KPT-SPR-006,2025-03-31,8.0,16.35,31.8,Dry Summer
KPT-SPR-006,2025-04-30,21.5,18.36,23.1,Dry Summer
KPT-SPR-006,2025-05-31,22.4,13.71,20.5,Dry Summer
KPT-SPR-006,2025-06-30,317.2,78.65,26.7,Monsoon
KPT-SPR-006,2025-07-31,414.0,84.06,19.3,Monsoon
KPT-SPR-006,2025-08-31,291.2,99.93,17.1,Monsoon
KPT-SPR-006,2025-09-30,304.5,84.31,28.8,Monsoon
KPT-SPR-006,2025-10-31,59.6,54.14,28.2,Post-Monsoon
KPT-SPR-006,2025-11-30,116.3,53.72,22.5,Post-Monsoon
KPT-SPR-006,2025-12-31,11.7,25.67,27.5,Dry Summer
KPT-SPR-007,2023-01-31,13.1,27.19,30.8,Dry Summer
KPT-SPR-007,2023-02-28,18.4,28.13,31.1,Dry Summer
KPT-SPR-007,2023-03-31,17.3,19.62,18.4,Dry Summer
KPT-SPR-007,2023-04-30,19.5,30.69,20.2,Dry Summer
KPT-SPR-007,2023-05-31,23.3,28.35,23.0,Dry Summer
KPT-SPR-007,2023-06-30,424.7,117.74,18.3,Monsoon
KPT-SPR-007,2023-07-31,419.4,108.29,30.6,Monsoon
KPT-SPR-007,2023-08-31,465.1,134.27,24.7,Monsoon
KPT-SPR-007,2023-09-30,361.0,134.8,24.0,Monsoon
KPT-SPR-007,2023-10-31,127.5,66.58,19.3,Post-Monsoon
KPT-SPR-007,2023-11-30,51.9,61.69,27.5,Post-Monsoon
KPT-SPR-007,2023-12-31,10.8,14.07,20.1,Dry Summer
KPT-SPR-007,2024-01-31,21.7,27.26,17.6,Dry Summer
KPT-SPR-007,2024-02-29,9.8,29.25,29.8,Dry Summer
KPT-SPR-007,2024-03-31,9.6,22.71,24.4,Dry Summer
KPT-SPR-007,2024-04-30,21.9,29.9,21.1,Dry Summer
KPT-SPR-007,2024-05-31,22.7,23.85,22.7,Dry Summer
KPT-SPR-007,2024-06-30,358.6,95.25,19.0,Monsoon
KPT-SPR-007,2024-07-31,474.9,118.78,25.9,Monsoon
KPT-SPR-007,2024-08-31,439.2,99.16,25.0,Monsoon
KPT-SPR-007,2024-09-30,417.5,120.28,24.9,Monsoon
KPT-SPR-007,2024-10-31,85.8,74.24,28.9,Post-Monsoon
KPT-SPR-007,2024-11-30,96.3,55.18,23.3,Post-Monsoon
KPT-SPR-007,2024-12-31,21.3,17.82,32.8,Dry Summer
KPT-SPR-007,2025-01-31,24.6,18.16,17.0,Dry Summer
KPT-SPR-007,2025-02-28,18.5,23.51,32.2,Dry Summer
KPT-SPR-007,2025-03-31,6.0,14.12,21.0,Dry Summer
KPT-SPR-007,2025-04-30,10.5,25.63,19.9,Dry Summer
KPT-SPR-007,2025-05-31,13.6,18.65,22.2,Dry Summer
KPT-SPR-007,2025-06-30,474.6,120.62,20.1,Monsoon
KPT-SPR-007,2025-07-31,333.6,91.42,22.9,Monsoon
KPT-SPR-007,2025-08-31,325.6,99.86,18.9,Monsoon
KPT-SPR-007,2025-09-30,385.9,135.65,17.7,Monsoon
KPT-SPR-007,2025-10-31,55.5,58.57,30.2,Post-Monsoon
KPT-SPR-007,2025-11-30,54.9,55.27,27.1,Post-Monsoon
KPT-SPR-007,2025-12-31,20.5,15.7,30.5,Dry Summer
KPT-SPR-008,2023-01-31,0.0,10.57,23.0,Dry Summer
KPT-SPR-008,2023-02-28,14.8,6.3,30.5,Dry Summer
KPT-SPR-008,2023-03-31,23.1,11.72,17.8,Dry Summer
KPT-SPR-008,2023-04-30,10.2,10.11,25.1,Dry Summer
KPT-SPR-008,2023-05-31,0.5,8.94,18.3,Dry Summer
KPT-SPR-008,2023-06-30,409.5,52.94,20.1,Monsoon
KPT-SPR-008,2023-07-31,478.8,40.22,32.9,Monsoon
KPT-SPR-008,2023-08-31,354.6,47.74,23.6,Monsoon
KPT-SPR-008,2023-09-30,475.7,40.85,17.4,Monsoon
KPT-SPR-008,2023-10-31,86.2,20.49,30.2,Post-Monsoon
KPT-SPR-008,2023-11-30,114.1,25.04,32.1,Post-Monsoon
KPT-SPR-008,2023-12-31,3.0,9.13,31.6,Dry Summer
KPT-SPR-008,2024-01-31,6.8,5.25,18.3,Dry Summer
KPT-SPR-008,2024-02-29,13.0,6.54,30.3,Dry Summer
KPT-SPR-008,2024-03-31,19.3,7.17,27.7,Dry Summer
KPT-SPR-008,2024-04-30,17.4,7.64,22.1,Dry Summer
KPT-SPR-008,2024-05-31,14.8,5.2,32.1,Dry Summer
KPT-SPR-008,2024-06-30,388.6,37.92,32.4,Monsoon
KPT-SPR-008,2024-07-31,417.3,38.6,30.4,Monsoon
KPT-SPR-008,2024-08-31,411.4,48.72,21.7,Monsoon
KPT-SPR-008,2024-09-30,291.3,48.72,17.1,Monsoon
KPT-SPR-008,2024-10-31,123.2,24.66,26.5,Post-Monsoon
KPT-SPR-008,2024-11-30,128.4,23.1,19.1,Post-Monsoon
KPT-SPR-008,2024-12-31,11.6,12.0,28.3,Dry Summer
KPT-SPR-008,2025-01-31,22.7,11.23,26.6,Dry Summer
KPT-SPR-008,2025-02-28,11.7,9.35,21.8,Dry Summer
KPT-SPR-008,2025-03-31,1.6,12.0,23.0,Dry Summer
KPT-SPR-008,2025-04-30,18.0,6.78,19.0,Dry Summer
KPT-SPR-008,2025-05-31,15.2,8.66,32.4,Dry Summer
KPT-SPR-008,2025-06-30,473.7,35.77,28.6,Monsoon
KPT-SPR-008,2025-07-31,375.9,36.08,26.9,Monsoon
KPT-SPR-008,2025-08-31,396.9,52.19,25.1,Monsoon
KPT-SPR-008,2025-09-30,391.6,42.43,27.7,Monsoon
KPT-SPR-008,2025-10-31,119.6,21.89,32.7,Post-Monsoon
KPT-SPR-008,2025-11-30,94.1,27.5,21.1,Post-Monsoon
KPT-SPR-008,2025-12-31,19.2,10.02,30.7,Dry Summer
KPT-SPR-009,2023-01-31,2.3,19.54,26.5,Dry Summer
KPT-SPR-009,2023-02-28,10.6,17.91,26.7,Dry Summer
KPT-SPR-009,2023-03-31,2.9,25.03,26.4,Dry Summer
KPT-SPR-009,2023-04-30,15.9,24.78,23.9,Dry Summer
KPT-SPR-009,2023-05-31,9.4,26.88,25.1,Dry Summer
KPT-SPR-009,2023-06-30,292.1,127.3,24.0,Monsoon
KPT-SPR-009,2023-07-31,282.4,123.78,18.3,Monsoon
KPT-SPR-009,2023-08-31,476.2,106.23,26.5,Monsoon
KPT-SPR-009,2023-09-30,318.3,103.78,30.7,Monsoon
KPT-SPR-009,2023-10-31,128.5,70.76,23.3,Post-Monsoon
KPT-SPR-009,2023-11-30,55.1,63.56,28.7,Post-Monsoon
KPT-SPR-009,2023-12-31,15.6,30.97,22.2,Dry Summer
KPT-SPR-009,2024-01-31,5.3,31.45,31.3,Dry Summer
KPT-SPR-009,2024-02-29,1.2,13.84,27.2,Dry Summer
KPT-SPR-009,2024-03-31,22.9,22.97,19.0,Dry Summer
KPT-SPR-009,2024-04-30,4.7,24.09,30.3,Dry Summer
KPT-SPR-009,2024-05-31,1.4,31.48,23.2,Dry Summer
KPT-SPR-009,2024-06-30,320.2,111.71,25.2,Monsoon
KPT-SPR-009,2024-07-31,304.0,122.54,21.9,Monsoon
KPT-SPR-009,2024-08-31,295.3,138.15,32.7,Monsoon
KPT-SPR-009,2024-09-30,424.6,106.9,20.5,Monsoon
KPT-SPR-009,2024-10-31,92.2,70.89,25.9,Post-Monsoon
KPT-SPR-009,2024-11-30,112.5,71.22,31.0,Post-Monsoon
KPT-SPR-009,2024-12-31,24.3,15.16,28.7,Dry Summer
KPT-SPR-009,2025-01-31,16.1,22.42,22.0,Dry Summer
KPT-SPR-009,2025-02-28,13.7,29.13,28.8,Dry Summer
KPT-SPR-009,2025-03-31,6.1,26.42,31.4,Dry Summer
KPT-SPR-009,2025-04-30,10.5,29.84,30.0,Dry Summer
KPT-SPR-009,2025-05-31,8.4,19.81,30.8,Dry Summer
KPT-SPR-009,2025-06-30,455.9,124.56,19.5,Monsoon
KPT-SPR-009,2025-07-31,361.3,118.52,22.4,Monsoon
KPT-SPR-009,2025-08-31,369.4,136.85,33.0,Monsoon
KPT-SPR-009,2025-09-30,283.8,138.04,29.8,Monsoon
KPT-SPR-009,2025-10-31,121.7,64.13,30.5,Post-Monsoon
KPT-SPR-009,2025-11-30,123.6,60.75,26.8,Post-Monsoon
KPT-SPR-009,2025-12-31,3.7,16.6,28.0,Dry Summer
KPT-SPR-010,2023-01-31,15.8,19.99,32.7,Dry Summer
KPT-SPR-010,2023-02-28,10.1,15.11,17.0,Dry Summer
KPT-SPR-010,2023-03-31,19.0,21.4,17.9,Dry Summer
KPT-SPR-010,2023-04-30,23.6,21.31,25.9,Dry Summer
KPT-SPR-010,2023-05-31,14.6,24.12,24.3,Dry Summer
KPT-SPR-010,2023-06-30,398.9,116.75,23.1,Monsoon
KPT-SPR-010,2023-07-31,393.6,99.29,23.8,Monsoon
KPT-SPR-010,2023-08-31,475.0,95.54,18.5,Monsoon
KPT-SPR-010,2023-09-30,429.3,105.9,24.3,Monsoon
KPT-SPR-010,2023-10-31,117.4,65.72,27.1,Post-Monsoon
KPT-SPR-010,2023-11-30,109.0,50.33,18.0,Post-Monsoon
KPT-SPR-010,2023-12-31,0.6,21.24,27.1,Dry Summer
KPT-SPR-010,2024-01-31,18.1,13.74,23.6,Dry Summer
KPT-SPR-010,2024-02-29,1.5,19.97,24.1,Dry Summer
KPT-SPR-010,2024-03-31,4.0,20.66,22.4,Dry Summer
KPT-SPR-010,2024-04-30,7.9,13.51,24.1,Dry Summer
KPT-SPR-010,2024-05-31,22.5,19.66,19.9,Dry Summer
KPT-SPR-010,2024-06-30,423.8,125.95,26.2,Monsoon
KPT-SPR-010,2024-07-31,460.5,104.76,23.5,Monsoon
KPT-SPR-010,2024-08-31,300.2,87.98,17.2,Monsoon
KPT-SPR-010,2024-09-30,463.6,100.14,29.9,Monsoon
KPT-SPR-010,2024-10-31,57.5,59.91,30.3,Post-Monsoon
KPT-SPR-010,2024-11-30,102.7,66.39,32.2,Post-Monsoon
KPT-SPR-010,2024-12-31,23.2,19.21,26.1,Dry Summer
KPT-SPR-010,2025-01-31,8.1,26.97,32.7,Dry Summer
KPT-SPR-010,2025-02-28,15.9,24.03,26.6,Dry Summer
KPT-SPR-010,2025-03-31,14.4,20.72,29.7,Dry Summer
KPT-SPR-010,2025-04-30,7.0,24.61,30.4,Dry Summer
KPT-SPR-010,2025-05-31,22.0,15.89,32.4,Dry Summer
KPT-SPR-010,2025-06-30,342.4,103.85,18.0,Monsoon
KPT-SPR-010,2025-07-31,281.0,89.38,24.8,Monsoon
KPT-SPR-010,2025-08-31,424.5,117.79,26.1,Monsoon
KPT-SPR-010,2025-09-30,282.8,113.35,18.2,Monsoon
KPT-SPR-010,2025-10-31,102.1,62.44,19.9,Post-Monsoon
KPT-SPR-010,2025-11-30,90.5,53.18,18.6,Post-Monsoon
KPT-SPR-010,2025-12-31,8.3,22.62,24.4,Dry Summer
KPT-SPR-011,2023-01-31,5.0,15.88,32.9,Dry Summer
KPT-SPR-011,2023-02-28,1.8,13.25,20.7,Dry Summer
KPT-SPR-011,2023-03-31,10.8,8.43,26.9,Dry Summer
KPT-SPR-011,2023-04-30,9.2,11.7,30.2,Dry Summer
KPT-SPR-011,2023-05-31,13.0,14.65,20.2,Dry Summer
KPT-SPR-011,2023-06-30,433.7,52.16,28.6,Monsoon
KPT-SPR-011,2023-07-31,437.2,58.52,22.6,Monsoon
KPT-SPR-011,2023-08-31,397.8,65.09,21.1,Monsoon
KPT-SPR-011,2023-09-30,430.0,57.46,27.1,Monsoon
KPT-SPR-011,2023-10-31,95.5,28.82,18.2,Post-Monsoon
KPT-SPR-011,2023-11-30,104.8,38.29,18.7,Post-Monsoon
KPT-SPR-011,2023-12-31,17.4,14.58,22.0,Dry Summer
KPT-SPR-011,2024-01-31,11.9,9.69,28.3,Dry Summer
KPT-SPR-011,2024-02-29,16.8,10.1,32.7,Dry Summer
KPT-SPR-011,2024-03-31,20.5,7.2,28.7,Dry Summer
KPT-SPR-011,2024-04-30,2.6,9.09,29.3,Dry Summer
KPT-SPR-011,2024-05-31,10.3,10.16,32.5,Dry Summer
KPT-SPR-011,2024-06-30,361.0,53.43,30.1,Monsoon
KPT-SPR-011,2024-07-31,377.4,63.06,19.2,Monsoon
KPT-SPR-011,2024-08-31,346.1,61.0,32.7,Monsoon
KPT-SPR-011,2024-09-30,353.5,58.5,19.9,Monsoon
KPT-SPR-011,2024-10-31,94.8,28.53,29.0,Post-Monsoon
KPT-SPR-011,2024-11-30,108.1,35.3,30.9,Post-Monsoon
KPT-SPR-011,2024-12-31,21.1,14.76,30.5,Dry Summer
KPT-SPR-011,2025-01-31,14.0,7.93,32.4,Dry Summer
KPT-SPR-011,2025-02-28,2.8,12.77,24.4,Dry Summer
KPT-SPR-011,2025-03-31,0.8,16.04,29.0,Dry Summer
KPT-SPR-011,2025-04-30,23.8,12.42,30.1,Dry Summer
KPT-SPR-011,2025-05-31,21.5,10.95,18.3,Dry Summer
KPT-SPR-011,2025-06-30,460.6,70.54,18.5,Monsoon
KPT-SPR-011,2025-07-31,306.0,67.74,23.5,Monsoon
KPT-SPR-011,2025-08-31,372.5,61.6,18.7,Monsoon
KPT-SPR-011,2025-09-30,337.5,51.96,21.7,Monsoon
KPT-SPR-011,2025-10-31,97.8,27.5,21.6,Post-Monsoon
KPT-SPR-011,2025-11-30,83.3,35.09,22.1,Post-Monsoon
KPT-SPR-011,2025-12-31,24.0,6.81,32.2,Dry Summer
KPT-SPR-012,2023-01-31,0.6,7.27,26.6,Dry Summer
KPT-SPR-012,2023-02-28,10.4,10.63,25.5,Dry Summer
KPT-SPR-012,2023-03-31,12.5,9.43,29.5,Dry Summer
KPT-SPR-012,2023-04-30,12.8,12.45,24.9,Dry Summer
KPT-SPR-012,2023-05-31,8.2,12.82,25.2,Dry Summer
KPT-SPR-012,2023-06-30,318.7,40.47,30.9,Monsoon
KPT-SPR-012,2023-07-31,376.2,40.0,31.9,Monsoon
KPT-SPR-012,2023-08-31,461.8,47.81,30.3,Monsoon
KPT-SPR-012,2023-09-30,439.4,57.72,23.4,Monsoon
KPT-SPR-012,2023-10-31,99.3,25.52,25.4,Post-Monsoon
KPT-SPR-012,2023-11-30,74.3,31.96,22.1,Post-Monsoon
KPT-SPR-012,2023-12-31,4.0,11.72,28.1,Dry Summer
KPT-SPR-012,2024-01-31,1.8,11.14,19.0,Dry Summer
KPT-SPR-012,2024-02-29,5.4,6.14,26.0,Dry Summer
KPT-SPR-012,2024-03-31,1.1,6.53,21.6,Dry Summer
KPT-SPR-012,2024-04-30,7.3,10.62,24.7,Dry Summer
KPT-SPR-012,2024-05-31,1.4,7.52,21.4,Dry Summer
KPT-SPR-012,2024-06-30,370.0,57.82,25.5,Monsoon
KPT-SPR-012,2024-07-31,440.6,56.25,24.9,Monsoon
KPT-SPR-012,2024-08-31,432.9,52.65,20.3,Monsoon
KPT-SPR-012,2024-09-30,409.5,43.4,27.5,Monsoon
KPT-SPR-012,2024-10-31,102.6,27.11,19.9,Post-Monsoon
KPT-SPR-012,2024-11-30,108.5,29.58,21.8,Post-Monsoon
KPT-SPR-012,2024-12-31,7.6,6.15,19.9,Dry Summer
KPT-SPR-012,2025-01-31,14.3,13.09,25.5,Dry Summer
KPT-SPR-012,2025-02-28,15.6,7.12,25.9,Dry Summer
KPT-SPR-012,2025-03-31,8.2,9.24,22.7,Dry Summer
KPT-SPR-012,2025-04-30,23.1,10.85,29.2,Dry Summer
KPT-SPR-012,2025-05-31,11.1,10.75,27.1,Dry Summer
KPT-SPR-012,2025-06-30,330.1,53.81,19.0,Monsoon
KPT-SPR-012,2025-07-31,460.5,46.42,30.8,Monsoon
KPT-SPR-012,2025-08-31,419.7,50.94,21.4,Monsoon
KPT-SPR-012,2025-09-30,447.4,49.7,33.0,Monsoon
KPT-SPR-012,2025-10-31,129.4,24.7,25.2,Post-Monsoon
KPT-SPR-012,2025-11-30,57.5,29.21,21.5,Post-Monsoon
KPT-SPR-012,2025-12-31,20.1,11.8,21.1,Dry Summer
KPT-SPR-013,2023-01-31,0.3,8.91,31.8,Dry Summer
KPT-SPR-013,2023-02-28,9.9,12.45,32.8,Dry Summer
KPT-SPR-013,2023-03-31,13.3,5.7,28.3,Dry Summer
KPT-SPR-013,2023-04-30,24.7,11.53,25.7,Dry Summer
KPT-SPR-013,2023-05-31,16.4,12.86,23.1,Dry Summer
KPT-SPR-013,2023-06-30,283.2,41.05,25.0,Monsoon
KPT-SPR-013,2023-07-31,369.0,55.27,25.0,Monsoon
KPT-SPR-013,2023-08-31,388.0,43.07,27.5,Monsoon
KPT-SPR-013,2023-09-30,372.4,48.81,29.3,Monsoon
KPT-SPR-013,2023-10-31,54.9,28.47,22.0,Post-Monsoon
KPT-SPR-013,2023-11-30,96.3,29.42,32.2,Post-Monsoon
KPT-SPR-013,2023-12-31,24.5,7.58,22.6,Dry Summer
KPT-SPR-013,2024-01-31,17.5,12.54,21.2,Dry Summer
KPT-SPR-013,2024-02-29,18.1,7.31,31.1,Dry Summer
KPT-SPR-013,2024-03-31,11.7,9.8,32.4,Dry Summer
KPT-SPR-013,2024-04-30,17.7,8.97,29.2,Dry Summer
KPT-SPR-013,2024-05-31,22.4,7.61,18.0,Dry Summer
KPT-SPR-013,2024-06-30,404.3,52.05,31.4,Monsoon
KPT-SPR-013,2024-07-31,346.4,42.29,28.2,Monsoon
KPT-SPR-013,2024-08-31,358.5,42.58,32.5,Monsoon
KPT-SPR-013,2024-09-30,391.7,55.87,24.8,Monsoon
KPT-SPR-013,2024-10-31,86.1,28.78,27.1,Post-Monsoon
KPT-SPR-013,2024-11-30,119.7,23.95,32.3,Post-Monsoon
KPT-SPR-013,2024-12-31,12.6,12.52,17.2,Dry Summer
KPT-SPR-013,2025-01-31,17.2,9.39,26.2,Dry Summer
KPT-SPR-013,2025-02-28,1.3,11.78,17.3,Dry Summer
KPT-SPR-013,2025-03-31,4.1,9.63,30.4,Dry Summer
KPT-SPR-013,2025-04-30,10.2,11.23,29.8,Dry Summer
KPT-SPR-013,2025-05-31,14.7,7.5,21.0,Dry Summer
KPT-SPR-013,2025-06-30,345.6,49.86,27.0,Monsoon
KPT-SPR-013,2025-07-31,373.2,44.57,26.5,Monsoon
KPT-SPR-013,2025-08-31,343.3,40.72,22.6,Monsoon
KPT-SPR-013,2025-09-30,391.7,55.31,17.3,Monsoon
KPT-SPR-013,2025-10-31,72.2,29.46,18.5,Post-Monsoon
KPT-SPR-013,2025-11-30,102.3,28.3,17.8,Post-Monsoon
KPT-SPR-013,2025-12-31,16.8,5.84,27.2,Dry Summer
KPT-SPR-014,2023-01-31,24.2,15.66,22.7,Dry Summer
KPT-SPR-014,2023-02-28,10.2,18.37,26.2,Dry Summer
KPT-SPR-014,2023-03-31,10.4,16.38,29.3,Dry Summer
KPT-SPR-014,2023-04-30,6.9,21.13,21.7,Dry Summer
KPT-SPR-014,2023-05-31,2.5,23.44,29.1,Dry Summer
KPT-SPR-014,2023-06-30,465.4,78.84,19.7,Monsoon
KPT-SPR-014,2023-07-31,369.9,78.57,32.6,Monsoon
KPT-SPR-014,2023-08-31,420.2,85.53,27.9,Monsoon
KPT-SPR-014,2023-09-30,367.9,92.47,29.3,Monsoon
KPT-SPR-014,2023-10-31,81.1,50.55,22.5,Post-Monsoon
KPT-SPR-014,2023-11-30,82.5,49.33,22.3,Post-Monsoon
KPT-SPR-014,2023-12-31,23.3,20.55,20.5,Dry Summer
KPT-SPR-014,2024-01-31,22.2,23.93,19.3,Dry Summer
KPT-SPR-014,2024-02-29,20.3,20.95,31.4,Dry Summer
KPT-SPR-014,2024-03-31,5.1,21.67,17.1,Dry Summer
KPT-SPR-014,2024-04-30,7.6,13.31,20.5,Dry Summer
KPT-SPR-014,2024-05-31,2.6,14.96,22.6,Dry Summer
KPT-SPR-014,2024-06-30,306.5,78.0,21.6,Monsoon
KPT-SPR-014,2024-07-31,332.3,94.08,29.6,Monsoon
KPT-SPR-014,2024-08-31,320.3,89.17,20.4,Monsoon
KPT-SPR-014,2024-09-30,311.7,81.07,24.1,Monsoon
KPT-SPR-014,2024-10-31,86.6,50.91,19.5,Post-Monsoon
KPT-SPR-014,2024-11-30,85.6,48.52,32.3,Post-Monsoon
KPT-SPR-014,2024-12-31,6.0,18.13,24.1,Dry Summer
KPT-SPR-014,2025-01-31,0.2,17.4,17.3,Dry Summer
KPT-SPR-014,2025-02-28,8.4,23.54,29.1,Dry Summer
KPT-SPR-014,2025-03-31,12.6,13.33,30.7,Dry Summer
KPT-SPR-014,2025-04-30,17.6,21.71,23.2,Dry Summer
KPT-SPR-014,2025-05-31,6.5,23.53,30.1,Dry Summer
KPT-SPR-014,2025-06-30,315.6,72.15,21.1,Monsoon
KPT-SPR-014,2025-07-31,310.6,92.1,29.5,Monsoon
KPT-SPR-014,2025-08-31,409.2,100.4,24.5,Monsoon
KPT-SPR-014,2025-09-30,357.2,98.02,18.6,Monsoon
KPT-SPR-014,2025-10-31,67.9,47.09,20.0,Post-Monsoon
KPT-SPR-014,2025-11-30,97.8,46.99,27.7,Post-Monsoon
KPT-SPR-014,2025-12-31,2.8,19.97,18.5,Dry Summer
KPT-SPR-015,2023-01-31,22.3,30.69,27.7,Dry Summer
KPT-SPR-015,2023-02-28,13.4,27.29,20.4,Dry Summer
KPT-SPR-015,2023-03-31,3.9,25.75,22.4,Dry Summer
KPT-SPR-015,2023-04-30,21.5,30.96,25.7,Dry Summer
KPT-SPR-015,2023-05-31,5.9,22.69,26.2,Dry Summer
KPT-SPR-015,2023-06-30,319.8,114.08,21.9,Monsoon
KPT-SPR-015,2023-07-31,362.8,130.16,31.4,Monsoon
KPT-SPR-015,2023-08-31,460.6,130.31,24.9,Monsoon
KPT-SPR-015,2023-09-30,301.0,112.87,28.2,Monsoon
KPT-SPR-015,2023-10-31,65.0,70.84,19.1,Post-Monsoon
KPT-SPR-015,2023-11-30,77.4,60.32,20.8,Post-Monsoon
KPT-SPR-015,2023-12-31,7.5,23.01,17.9,Dry Summer
KPT-SPR-015,2024-01-31,7.8,24.62,26.3,Dry Summer
KPT-SPR-015,2024-02-29,19.1,18.83,22.9,Dry Summer
KPT-SPR-015,2024-03-31,8.7,16.85,28.7,Dry Summer
KPT-SPR-015,2024-04-30,14.6,26.94,29.6,Dry Summer
KPT-SPR-015,2024-05-31,3.7,23.19,25.1,Dry Summer
KPT-SPR-015,2024-06-30,409.7,103.09,27.9,Monsoon
KPT-SPR-015,2024-07-31,282.1,118.42,18.2,Monsoon
KPT-SPR-015,2024-08-31,418.3,111.11,25.9,Monsoon
KPT-SPR-015,2024-09-30,301.3,131.17,32.1,Monsoon
KPT-SPR-015,2024-10-31,82.3,59.55,23.6,Post-Monsoon
KPT-SPR-015,2024-11-30,58.1,75.18,32.9,Post-Monsoon
KPT-SPR-015,2024-12-31,20.5,18.73,19.8,Dry Summer
KPT-SPR-015,2025-01-31,6.4,17.15,26.0,Dry Summer
KPT-SPR-015,2025-02-28,8.7,28.81,27.3,Dry Summer
KPT-SPR-015,2025-03-31,11.1,20.14,29.9,Dry Summer
KPT-SPR-015,2025-04-30,11.2,17.52,20.4,Dry Summer
KPT-SPR-015,2025-05-31,21.3,18.54,22.3,Dry Summer
KPT-SPR-015,2025-06-30,465.1,101.25,20.3,Monsoon
KPT-SPR-015,2025-07-31,430.4,113.97,27.2,Monsoon
KPT-SPR-015,2025-08-31,420.6,99.27,30.6,Monsoon
KPT-SPR-015,2025-09-30,298.3,136.32,21.5,Monsoon
KPT-SPR-015,2025-10-31,63.3,62.25,17.8,Post-Monsoon
KPT-SPR-015,2025-11-30,64.9,61.01,24.5,Post-Monsoon
KPT-SPR-015,2025-12-31,5.8,25.89,18.0,Dry Summer
