location_id,latitude,longitude,elevation,slope,aspect,rainfall,drainage_density,distance_to_drainage,distance_to_spring,fracture_density,distance_to_fault,land_use_code,soil_permeability,lithology_code,landslide_risk_code,recharge_suitability_target,synthetic_suitability_score
KPT-LOC-0001,18.6306,82.89119,1084.9,32.7,23.9,1468.6,2.3,390.8,492.7,2.89,1969.1,0,2,0,2,1,0.532
KPT-LOC-0002,18.73231,82.89447,906.7,13.8,154.2,1486.7,3.66,30.2,672.4,0.22,1127.1,2,4,3,0,1,0.63
KPT-LOC-0003,18.64553,82.57161,968.5,32.1,120.7,1547.2,3.45,71.3,1653.2,1.23,676.0,3,3,4,2,1,0.546
KPT-LOC-0004,18.60962,82.72315,1166.6,11.3,24.4,1390.6,3.48,695.9,1803.4,2.52,1595.0,0,3,1,0,1,0.726
KPT-LOC-0005,19.04002,82.86426,625.1,39.6,213.8,1471.3,3.79,290.1,639.8,3.14,882.6,1,1,1,2,1,0.593
KPT-LOC-0006,18.92656,83.10249,824.2,8.4,126.2,1604.2,3.12,863.2,220.8,1.32,726.4,0,4,0,0,1,0.757
KPT-LOC-0007,18.90213,83.30947,884.3,2.7,274.6,1449.5,2.49,92.7,1599.1,1.25,1181.1,2,5,1,0,1,0.58
KPT-LOC-0008,18.80206,83.17083,613.1,33.1,289.2,1523.9,2.17,159.4,885.4,1.7,1200.2,0,3,0,2,1,0.542
KPT-LOC-0009,19.0498,82.56825,677.0,28.5,213.7,1578.6,1.8,279.7,747.7,1.56,1903.3,0,5,0,1,1,0.563
KPT-LOC-0010,18.57242,82.89006,887.2,7.6,218.5,1563.7,1.57,61.6,564.6,1.09,590.0,0,4,0,0,1,0.746
KPT-LOC-0011,18.73236,82.89456,876.5,6.0,144.9,1401.3,0.85,916.4,83.6,0.25,214.8,2,4,3,0,1,0.693
KPT-LOC-0012,18.66003,82.8614,963.3,34.3,272.8,1475.2,2.25,267.2,1556.5,2.14,1019.8,3,3,2,2,1,0.584
KPT-LOC-0013,18.63649,82.60025,769.0,41.2,113.3,1554.8,0.83,191.6,128.4,1.1,541.5,0,3,0,2,1,0.547
KPT-LOC-0014,18.644,82.76494,1109.9,21.3,324.7,1436.4,1.69,327.2,2195.8,1.0,1007.0,1,3,2,1,1,0.655
KPT-LOC-0015,19.02323,82.87033,873.7,38.7,92.6,1404.5,3.79,479.1,2443.0,3.02,905.1,0,3,1,2,1,0.656
KPT-LOC-0016,19.00841,83.08708,1065.1,3.7,45.9,1529.5,3.42,943.1,1261.3,2.9,1476.5,0,5,0,0,1,0.695
KPT-LOC-0017,18.93726,83.35782,780.1,37.9,65.9,1519.6,1.87,317.9,1013.8,3.13,1730.7,1,3,1,2,1,0.613
KPT-LOC-0018,18.86594,83.16069,817.1,32.6,124.0,1495.3,2.11,641.2,1339.4,3.15,1769.0,0,3,1,2,1,0.609
KPT-LOC-0019,19.03116,82.53795,789.8,36.8,300.5,1525.4,1.87,796.7,954.6,1.0,731.2,2,5,0,2,1,0.602
KPT-LOC-0020,18.59767,82.92462,1024.7,28.1,190.8,1491.7,0.86,603.7,1102.3,2.54,823.6,0,2,3,1,1,0.592
KPT-LOC-0021,18.6913,82.89249,884.0,16.8,202.6,1516.6,1.14,93.3,336.8,1.31,1232.9,0,4,2,0,1,0.711
KPT-LOC-0022,18.78113,82.82989,823.2,22.3,219.6,1408.2,2.61,229.9,854.3,0.7,567.2,0,2,1,1,1,0.622
KPT-LOC-0023,18.62837,82.548,743.5,15.4,343.8,1532.0,2.16,649.6,989.0,2.52,1620.3,0,4,2,0,1,0.777
KPT-LOC-0024,18.60049,82.78223,974.8,30.3,99.5,1428.3,1.9,243.1,1030.5,1.98,886.1,1,3,1,2,1,0.578
KPT-LOC-0025,19.03083,82.88176,713.3,40.0,273.5,1485.9,2.24,832.6,2101.6,2.2,247.5,4,4,1,2,1,0.689
KPT-LOC-0026,18.96092,83.17299,740.3,41.1,260.8,1385.6,2.59,171.2,2405.0,2.83,1412.6,0,2,0,2,1,0.561
KPT-LOC-0027,19.00845,83.29384,767.4,24.1,49.1,1391.3,2.67,751.1,529.8,1.16,1637.6,1,3,3,1,1,0.616
KPT-LOC-0028,18.9185,83.16131,618.5,23.3,156.6,1510.9,1.26,56.7,2226.9,3.07,663.5,0,2,2,1,1,0.81
KPT-LOC-0029,19.07388,82.48003,678.1,4.3,12.3,1578.2,1.13,56.8,1031.0,2.71,1831.7,0,3,2,0,1,0.578
KPT-LOC-0030,18.52461,82.8259,1124.1,10.7,94.2,1398.2,2.86,422.0,1186.5,1.12,1824.6,0,4,3,0,1,0.64
KPT-LOC-0031,18.77336,82.87208,859.5,37.3,221.4,1415.4,1.95,423.7,1016.9,2.82,698.0,0,5,0,2,1,0.737
KPT-LOC-0032,18.65896,82.81506,984.4,42.0,319.8,1428.9,3.65,378.9,1344.1,1.93,1279.2,3,4,2,2,1,0.584
KPT-LOC-0033,18.71702,82.58613,790.8,2.3,157.6,1586.7,1.06,112.7,2074.0,0.8,22.0,0,3,2,0,1,0.565
KPT-LOC-0034,18.57223,82.78593,851.9,11.1,221.1,1539.7,0.97,615.3,1618.6,2.79,1493.5,3,2,0,0,1,0.728
KPT-LOC-0035,19.00402,82.85757,633.8,12.9,294.8,1438.8,2.69,101.9,458.8,0.72,1898.0,0,3,1,0,1,0.567
KPT-LOC-0036,18.92137,83.13325,765.7,2.7,143.0,1473.2,1.81,172.1,1745.4,3.09,1826.7,1,4,0,0,1,0.638
KPT-LOC-0037,19.02285,83.30634,735.1,40.7,248.1,1497.7,1.23,514.2,165.0,2.88,1575.7,0,2,1,2,1,0.563
KPT-LOC-0038,18.94707,83.1076,611.0,17.8,295.1,1617.8,2.6,525.0,289.8,2.13,541.4,0,3,0,0,1,0.796
KPT-LOC-0039,19.01281,82.60619,547.6,39.3,47.2,1608.1,2.47,438.0,55.6,1.01,1177.4,0,3,1,2,0,0.497
KPT-LOC-0040,18.54752,82.88996,939.4,33.2,73.4,1499.0,1.81,293.2,1099.5,2.14,929.4,1,3,2,2,1,0.594
KPT-LOC-0041,18.68802,82.86472,898.9,11.7,284.9,1609.6,2.13,606.0,780.2,1.93,26.9,1,5,0,0,1,0.898
KPT-LOC-0042,18.78656,82.82626,857.5,17.6,13.0,1429.8,3.03,775.0,2115.9,1.97,1653.7,0,3,0,0,1,0.683
KPT-LOC-0043,18.64304,82.56776,962.3,11.5,276.4,1605.0,2.02,284.0,2460.3,0.28,1163.2,1,3,2,0,1,0.603
KPT-LOC-0044,18.57087,82.6698,1124.4,22.4,298.8,1450.0,2.07,813.8,836.5,2.83,476.6,1,5,1,1,1,0.919
KPT-LOC-0045,19.01533,82.91809,923.8,6.2,115.5,1573.5,1.38,434.3,711.0,2.78,1706.4,2,2,4,0,1,0.715
KPT-LOC-0046,19.06611,83.12382,877.5,39.2,319.9,1619.0,3.63,235.7,2177.2,0.37,1346.5,3,5,3,2,0,0.515
KPT-LOC-0047,18.92205,83.37676,787.5,33.8,151.7,1402.0,1.76,412.2,2041.7,1.55,1047.8,3,4,2,2,1,0.57
KPT-LOC-0048,18.89713,83.22196,714.1,26.0,186.5,1444.1,1.04,918.2,1094.3,2.81,1078.2,0,4,4,1,1,0.67
KPT-LOC-0049,19.10046,82.60733,849.6,4.5,134.4,1491.7,3.41,442.5,1941.5,2.53,291.5,1,3,2,0,1,0.671
KPT-LOC-0050,18.59269,82.81123,1046.8,30.4,47.9,1534.7,2.5,614.5,1468.3,1.91,1421.5,0,3,1,2,1,0.543
KPT-LOC-0051,18.64695,82.91441,985.7,16.1,129.9,1386.0,2.44,884.1,525.9,2.03,703.8,2,3,0,0,1,0.754
KPT-LOC-0052,18.69407,82.86446,872.1,37.0,313.9,1407.2,2.5,640.9,319.9,0.47,1854.1,1,4,0,2,0,0.425
KPT-LOC-0053,18.59821,82.54283,780.7,39.7,205.1,1572.1,2.06,19.3,77.4,0.67,1872.0,0,2,3,2,0,0.375
KPT-LOC-0054,18.56209,82.72304,967.0,17.0,314.0,1597.3,1.74,484.2,2408.7,2.51,1437.7,0,2,1,0,1,0.716
KPT-LOC-0055,19.07843,82.8672,789.5,28.2,123.8,1610.9,2.5,684.0,1821.6,0.95,1663.9,0,3,0,1,0,0.456
KPT-LOC-0056,18.98249,83.13625,1015.1,24.8,309.5,1481.4,1.28,728.9,1530.6,0.47,880.4,0,2,1,1,1,0.588
KPT-LOC-0057,18.89677,83.29902,781.4,30.9,245.9,1604.1,1.39,352.4,425.7,3.07,1145.0,1,3,0,2,1,0.66
KPT-LOC-0058,18.79953,83.25493,850.4,15.5,254.9,1536.5,2.56,664.9,1372.5,0.44,907.5,4,1,0,0,1,0.549
KPT-LOC-0059,19.02724,82.5512,676.9,31.7,212.8,1539.8,2.79,513.6,1423.7,1.65,625.0,1,3,0,2,1,0.582
KPT-LOC-0060,18.56879,82.84609,1128.7,39.8,315.9,1616.9,1.25,271.3,476.6,1.02,1881.1,2,2,4,2,0,0.406
KPT-LOC-0061,18.73823,82.79641,1103.5,30.6,253.2,1505.9,2.02,627.1,776.2,1.08,560.1,2,3,2,2,1,0.539
KPT-LOC-0062,18.71295,82.83149,924.7,12.7,198.2,1534.5,1.1,74.1,2260.2,0.57,163.0,1,5,0,0,1,0.775
KPT-LOC-0063,18.60629,82.54074,928.4,4.9,103.4,1591.3,2.15,899.6,2118.8,0.79,1217.3,0,4,1,0,0,0.515
KPT-LOC-0064,18.65571,82.6936,966.3,7.2,233.5,1534.2,1.53,786.2,638.3,0.95,1576.3,0,2,0,0,1,0.578
KPT-LOC-0065,18.96329,82.7727,728.5,11.5,159.7,1481.4,1.92,145.5,1506.5,2.3,204.1,2,1,0,0,1,0.742
KPT-LOC-0066,18.91532,83.08518,804.4,23.4,298.0,1436.1,2.08,520.8,1172.2,2.63,23.5,0,3,2,1,1,0.856
KPT-LOC-0067,18.8946,83.3073,820.7,22.6,232.5,1555.4,1.94,107.8,1823.4,0.55,618.0,1,4,0,1,1,0.7
KPT-LOC-0068,18.92177,83.11516,629.0,28.9,302.1,1494.8,2.02,778.7,236.2,2.75,1303.3,2,3,0,1,1,0.613
KPT-LOC-0069,19.06152,82.53566,638.5,3.6,152.9,1442.5,1.11,852.8,815.6,1.48,314.2,2,3,3,0,1,0.583
KPT-LOC-0070,18.57421,82.93841,900.0,8.5,108.4,1418.7,3.05,720.3,586.3,0.46,851.2,0,2,1,0,1,0.584
KPT-LOC-0071,18.6949,82.92296,1113.0,19.3,257.1,1430.6,2.21,366.9,1429.8,1.38,524.4,2,1,1,0,1,0.641
KPT-LOC-0072,18.79785,82.7948,1072.4,29.8,264.4,1411.0,1.0,246.4,912.6,0.56,1913.2,1,5,3,1,0,0.469
KPT-LOC-0073,18.65594,82.49638,978.6,30.3,167.4,1572.4,1.79,930.8,1112.9,2.17,1461.2,1,3,2,2,1,0.563
KPT-LOC-0074,18.55206,82.69109,924.4,20.1,117.6,1482.1,3.32,579.5,2365.9,0.54,1661.4,1,4,0,1,1,0.614
KPT-LOC-0075,19.05851,82.79017,842.5,37.0,201.7,1588.9,3.6,706.0,1524.9,2.64,1465.3,3,4,0,2,1,0.641
KPT-LOC-0076,18.97535,83.13148,1018.6,2.1,196.7,1391.6,1.44,509.5,1350.4,2.5,1608.0,1,3,1,0,1,0.561
KPT-LOC-0077,18.94266,83.29145,808.7,32.0,314.8,1537.7,1.46,43.5,276.9,0.68,2041.5,2,4,1,2,0,0.443
KPT-LOC-0078,18.83212,83.22129,844.4,11.7,300.6,1602.4,1.57,691.9,2391.3,1.55,1758.5,0,2,2,0,1,0.617
KPT-LOC-0079,19.1133,82.5442,553.7,21.7,244.4,1481.5,3.35,225.9,841.7,1.56,948.2,1,1,1,1,1,0.628
KPT-LOC-0080,18.60626,82.9566,863.7,36.5,19.0,1406.3,1.95,50.9,2040.3,0.74,962.8,2,2,0,2,0,0.433
KPT-LOC-0081,18.68147,82.91197,838.7,31.9,32.6,1431.4,2.71,723.4,685.8,2.89,1556.5,2,4,4,2,1,0.639
KPT-LOC-0082,18.66107,82.87085,1116.8,16.8,72.6,1513.2,3.04,64.3,960.0,1.91,702.4,2,1,3,0,1,0.676
KPT-LOC-0083,18.62879,82.5105,984.4,8.3,351.1,1580.4,1.57,797.9,1849.3,2.26,1669.0,3,1,0,0,1,0.638
KPT-LOC-0084,18.54537,82.7454,953.3,33.1,169.7,1535.0,2.44,389.6,389.7,1.48,1397.6,1,1,0,2,0,0.431
KPT-LOC-0085,19.11279,82.87838,810.5,8.4,175.8,1395.8,0.92,65.8,1354.5,1.7,1136.5,1,4,1,0,1,0.737
KPT-LOC-0086,19.03096,83.13195,873.6,18.3,212.2,1458.2,2.75,127.6,541.9,2.82,878.1,3,3,2,0,1,0.81
KPT-LOC-0087,19.02818,83.38091,845.2,31.9,189.4,1435.5,1.14,333.1,1344.2,1.95,1331.3,1,2,2,2,0,0.503
KPT-LOC-0088,18.85076,83.21462,728.3,9.2,80.4,1566.9,1.22,282.2,59.0,0.92,1020.2,4,5,0,0,1,0.74
KPT-LOC-0089,19.01814,82.47641,673.5,36.9,19.7,1454.5,2.56,706.1,1482.0,2.68,922.2,0,4,3,2,1,0.672
KPT-LOC-0090,18.6251,82.88796,1035.3,17.9,114.3,1550.0,2.37,472.6,186.3,1.65,1862.0,1,4,1,0,1,0.693
KPT-LOC-0091,18.70129,82.8282,1066.2,22.3,0.8,1539.1,3.78,628.4,486.0,0.56,2021.8,2,3,1,1,1,0.556
KPT-LOC-0092,18.75089,82.84108,1092.1,18.6,13.7,1553.2,3.18,126.2,301.7,1.31,312.5,1,3,2,0,1,0.743
KPT-LOC-0093,18.62641,82.52405,914.0,29.7,106.3,1396.0,3.44,152.6,1998.9,1.5,1485.6,2,2,0,1,0,0.453
KPT-LOC-0094,18.60806,82.72617,987.7,20.6,122.8,1599.8,2.92,211.7,1632.4,1.05,1542.9,1,4,1,1,1,0.674
KPT-LOC-0095,18.96572,82.80398,666.5,15.7,196.6,1390.9,2.66,327.7,270.7,0.83,794.0,1,3,0,0,1,0.654
KPT-LOC-0096,18.91394,83.17543,916.2,7.7,333.2,1448.7,3.14,287.6,571.4,0.97,367.0,1,4,4,0,1,0.742
KPT-LOC-0097,18.98125,83.32894,648.0,31.9,295.8,1431.6,3.21,440.4,1614.6,2.22,1903.0,0,3,2,2,1,0.521
KPT-LOC-0098,18.91665,83.13523,854.7,38.1,150.9,1538.7,3.57,304.7,901.2,1.68,480.4,0,2,1,2,1,0.555
KPT-LOC-0099,19.00966,82.54811,617.1,9.2,334.9,1491.7,3.12,175.6,533.3,1.49,1994.4,1,3,2,0,1,0.625
KPT-LOC-0100,18.62603,82.89546,931.6,23.2,285.0,1436.6,3.69,405.8,843.8,3.16,1230.5,2,1,0,1,1,0.728
KPT-LOC-0101,18.65954,82.93362,799.8,40.4,118.2,1609.9,1.21,53.9,877.5,2.99,686.5,1,4,0,2,1,0.729
KPT-LOC-0102,18.79718,82.79997,1065.7,4.6,31.2,1488.0,1.83,94.1,2198.4,1.39,181.5,0,3,3,0,1,0.59
KPT-LOC-0103,18.64833,82.55859,928.1,22.1,239.9,1453.0,1.24,275.5,2309.0,2.94,1287.2,2,2,4,1,1,0.747
KPT-LOC-0104,18.62122,82.65354,1077.9,13.8,326.2,1615.1,1.99,678.1,1137.9,2.55,1854.6,1,1,2,0,1,0.65
KPT-LOC-0105,18.9969,82.86507,650.4,11.3,322.8,1540.1,2.52,588.3,2242.0,3.14,1254.9,0,3,2,0,1,0.814
KPT-LOC-0106,18.98223,83.09792,940.4,4.1,81.5,1448.4,1.37,352.6,1524.1,2.37,1023.7,0,1,0,0,1,0.52
KPT-LOC-0107,18.97574,83.35459,550.7,24.5,158.4,1617.7,1.52,342.4,2421.9,2.13,1683.7,2,2,1,1,1,0.67
KPT-LOC-0108,18.89253,83.15184,615.2,32.1,200.0,1400.2,1.96,267.1,650.2,2.84,478.6,1,3,1,2,1,0.673
KPT-LOC-0109,19.0785,82.50662,626.2,13.2,170.3,1605.6,1.31,79.9,2430.4,0.31,1278.5,0,3,0,0,1,0.597
KPT-LOC-0110,18.59338,82.9186,870.3,3.4,232.0,1592.3,3.36,882.5,1013.5,2.02,1512.0,0,3,2,0,1,0.549
KPT-LOC-0111,18.62987,82.91328,932.5,4.7,252.6,1501.8,2.59,605.1,430.4,0.47,807.7,1,3,0,0,0,0.473
KPT-LOC-0112,18.66541,82.7926,1043.0,20.8,237.9,1584.2,3.76,277.1,1193.0,3.08,103.1,1,3,0,1,1,0.9
KPT-LOC-0113,18.72775,82.50275,731.3,23.4,148.8,1585.3,0.98,507.3,1149.7,0.74,282.9,2,1,3,1,1,0.623
KPT-LOC-0114,18.50595,82.68521,984.2,32.9,280.4,1433.4,1.16,23.4,1719.3,1.72,153.1,1,4,2,2,1,0.653
KPT-LOC-0115,19.04484,82.83986,800.9,8.4,317.7,1553.0,2.81,415.0,1001.1,1.56,2063.6,0,2,2,0,1,0.596
KPT-LOC-0116,19.01343,83.08451,947.8,7.7,44.6,1479.8,3.75,135.9,1139.8,1.59,2072.8,1,3,2,0,1,0.632
KPT-LOC-0117,19.00557,83.36196,792.7,38.3,169.9,1588.0,1.74,582.8,605.1,0.38,870.9,0,4,4,2,0,0.509
KPT-LOC-0118,18.90178,83.21944,625.8,8.0,114.3,1407.0,3.72,59.0,2347.9,2.36,1514.5,1,3,1,0,1,0.721
KPT-LOC-0119,19.00129,82.5072,708.6,22.2,250.3,1394.4,2.31,442.5,2174.4,1.02,2025.7,2,2,0,1,1,0.539
KPT-LOC-0120,18.55108,82.9199,1057.3,19.1,265.2,1400.3,1.25,50.4,962.7,0.46,283.5,4,3,0,0,1,0.664
KPT-LOC-0121,18.75932,82.861,993.2,12.0,112.4,1409.2,2.78,439.2,1901.4,2.55,925.4,2,1,0,0,1,0.7
KPT-LOC-0122,18.74348,82.76619,912.5,5.4,128.1,1404.2,2.89,542.3,2012.6,2.05,1424.1,2,3,1,0,1,0.703
KPT-LOC-0123,18.59464,82.5591,845.7,31.2,157.0,1514.3,1.21,100.4,415.5,0.26,1593.5,2,2,2,2,0,0.359
KPT-LOC-0124,18.6124,82.7236,918.0,4.9,34.4,1557.9,2.87,609.7,1665.1,2.87,671.3,1,3,1,0,1,0.675
KPT-LOC-0125,19.01409,82.87785,868.0,23.0,200.6,1597.9,1.12,887.9,616.4,0.81,1901.4,2,4,0,1,1,0.629
KPT-LOC-0126,18.92749,83.11561,876.7,12.3,274.9,1464.8,2.04,542.0,1501.7,1.72,904.0,2,3,3,0,1,0.722
KPT-LOC-0127,18.9851,83.31505,810.4,14.9,268.4,1420.3,3.14,96.9,41.3,0.25,1009.7,1,3,2,0,1,0.595
KPT-LOC-0128,18.92431,83.18522,861.2,26.7,207.6,1381.5,2.97,743.5,1988.4,0.94,2062.0,2,4,2,1,0,0.449
KPT-LOC-0129,19.10676,82.47676,783.2,33.7,57.3,1445.2,2.7,863.6,1681.3,2.32,2032.9,0,1,0,2,0,0.443
KPT-LOC-0130,18.56479,82.92091,1093.7,4.0,271.1,1435.8,3.25,897.2,114.0,0.44,1148.7,1,3,2,0,0,0.439
KPT-LOC-0131,18.72564,82.92651,958.1,10.2,259.5,1475.5,2.21,369.2,290.9,1.96,1367.8,1,2,2,0,1,0.667
KPT-LOC-0132,18.6946,82.92335,996.6,7.7,271.8,1589.0,3.69,395.1,2115.4,0.78,102.1,0,2,0,0,1,0.681
KPT-LOC-0133,18.74409,82.54035,794.5,39.9,59.8,1399.5,1.71,181.6,2074.4,2.58,44.8,0,5,0,2,1,0.765
KPT-LOC-0134,18.5739,82.77336,904.9,15.7,224.2,1501.7,2.78,111.2,1886.3,1.25,1447.9,1,2,3,0,1,0.608
KPT-LOC-0135,19.01284,82.84896,930.1,20.7,21.3,1559.5,2.77,65.6,1194.6,0.42,1689.6,0,3,0,1,1,0.57
KPT-LOC-0136,18.98861,83.13058,1068.3,10.9,17.4,1495.7,1.55,89.4,1598.8,2.13,842.5,1,2,1,0,1,0.722
KPT-LOC-0137,18.95128,83.31815,657.7,8.9,177.3,1500.5,1.77,252.8,1414.6,1.26,768.5,0,3,3,0,1,0.7
KPT-LOC-0138,18.88822,83.19345,737.6,40.9,160.0,1507.3,2.52,75.7,2226.3,0.51,1171.2,0,5,3,2,1,0.529
KPT-LOC-0139,19.01581,82.60015,790.8,5.0,162.2,1422.5,1.32,469.3,1121.9,1.38,975.7,0,4,1,0,1,0.564
KPT-LOC-0140,18.55866,82.91407,1024.1,8.9,164.1,1472.9,1.55,605.4,845.6,0.84,1231.9,1,3,0,0,1,0.63
KPT-LOC-0141,18.62941,82.88713,1093.0,14.2,109.5,1598.6,2.51,755.8,2093.5,0.95,560.3,2,1,2,0,1,0.62
KPT-LOC-0142,18.73387,82.85826,1063.2,9.5,5.9,1428.9,2.12,580.8,1864.9,2.31,1762.3,0,4,0,0,1,0.741
KPT-LOC-0143,18.64044,82.62594,995.4,20.3,93.0,1486.5,2.74,366.1,2293.4,1.8,745.3,1,2,1,1,1,0.702
KPT-LOC-0144,18.64215,82.71263,862.7,38.7,81.5,1496.1,2.84,77.7,123.1,1.83,1833.2,1,2,1,2,0,0.462
KPT-LOC-0145,19.11455,82.7736,825.5,10.6,264.7,1537.6,3.4,745.2,1980.1,3.07,380.9,2,3,0,0,1,0.874
KPT-LOC-0146,19.0385,83.10512,773.1,17.3,132.1,1610.4,1.87,401.7,108.4,2.55,1887.8,0,5,1,0,1,0.807
KPT-LOC-0147,18.89541,83.35464,584.3,39.7,283.9,1590.1,3.64,190.9,1034.7,3.03,227.2,1,3,2,2,1,0.724
KPT-LOC-0148,18.79359,83.25825,714.1,35.3,251.3,1523.1,3.16,302.1,2078.2,0.76,1925.9,0,3,0,2,0,0.414
KPT-LOC-0149,19.06682,82.49567,540.6,32.9,256.0,1538.0,2.19,503.3,1412.1,2.71,1437.3,1,3,1,2,1,0.604
KPT-LOC-0150,18.62752,82.86023,1000.6,15.7,109.9,1393.6,2.82,396.5,322.7,1.75,1228.8,0,5,0,0,1,0.773
KPT-LOC-0151,18.75934,82.92901,1109.7,39.2,20.5,1615.2,3.33,250.7,908.5,2.48,1392.1,2,2,1,2,1,0.556
KPT-LOC-0152,18.75776,82.871,983.5,13.5,180.0,1501.3,2.46,783.9,1570.2,1.22,249.8,4,3,3,0,1,0.736
KPT-LOC-0153,18.63371,82.56316,876.1,23.8,308.3,1429.8,2.21,328.4,498.9,2.55,428.1,0,3,1,1,1,0.819
KPT-LOC-0154,18.55762,82.7651,1062.4,24.4,58.5,1416.9,2.34,851.0,1414.9,3.05,1590.1,0,5,3,1,1,0.851
KPT-LOC-0155,19.05082,82.85076,691.9,41.0,123.7,1410.1,3.21,685.8,87.7,1.41,57.2,1,2,1,2,1,0.554
KPT-LOC-0156,19.05014,83.08504,888.6,40.0,143.5,1508.2,1.0,476.0,1937.3,2.68,884.4,1,3,1,2,1,0.64
KPT-LOC-0157,18.97156,83.23165,566.0,33.7,6.6,1512.8,1.82,545.4,1370.4,0.34,2034.0,0,2,0,2,0,0.334
KPT-LOC-0158,18.87698,83.25286,603.7,10.6,284.0,1521.6,2.94,463.1,464.7,0.73,406.1,3,3,1,0,1,0.687
KPT-LOC-0159,18.98621,82.51535,744.4,33.9,236.1,1419.4,2.36,853.1,1728.5,2.94,173.1,0,3,4,2,1,0.706
KPT-LOC-0160,18.61336,82.8291,1103.8,5.8,153.3,1534.9,1.3,115.5,2277.0,0.93,204.7,0,4,0,0,1,0.76
KPT-LOC-0161,18.67215,82.85426,914.0,9.4,214.7,1565.3,1.16,50.9,2304.2,2.6,865.3,0,5,1,0,1,0.883
KPT-LOC-0162,18.81016,82.80338,989.3,7.5,184.7,1390.3,3.05,467.8,711.9,0.66,1847.4,2,3,2,0,1,0.562
KPT-LOC-0163,18.72644,82.50467,1016.7,9.0,29.2,1600.8,1.61,648.8,1577.3,0.7,392.7,1,4,1,0,1,0.734
KPT-LOC-0164,18.62411,82.74671,1058.1,6.8,314.1,1403.9,1.15,869.8,589.1,2.51,418.8,1,2,2,0,1,0.775
KPT-LOC-0165,19.03702,82.87926,641.4,22.2,130.4,1533.3,1.7,428.9,1611.0,0.93,1772.2,1,2,0,1,1,0.562
KPT-LOC-0166,19.01583,83.18398,858.7,22.2,349.2,1398.0,1.0,482.1,2049.3,2.52,297.6,0,3,3,1,1,0.824
KPT-LOC-0167,18.99397,83.27607,824.9,26.1,315.5,1412.2,1.7,32.7,1991.7,0.67,1765.7,2,3,1,1,0,0.408
KPT-LOC-0168,18.90147,83.20468,679.4,2.1,303.5,1396.7,2.28,771.2,458.5,2.14,327.8,2,2,0,0,1,0.589
KPT-LOC-0169,19.07221,82.60723,831.9,36.8,174.6,1546.5,2.9,132.3,1016.3,1.86,826.6,2,3,0,2,1,0.584
KPT-LOC-0170,18.51506,82.8389,1100.3,14.9,332.2,1558.0,1.22,500.8,1328.4,2.69,222.9,1,4,2,0,1,0.898
KPT-LOC-0171,18.71969,82.84605,1052.8,29.2,55.2,1526.4,3.63,553.4,2392.6,2.09,257.6,0,3,1,1,1,0.643
KPT-LOC-0172,18.67856,82.8175,947.0,25.4,14.3,1571.3,1.62,432.6,410.4,2.91,1073.3,1,4,2,1,1,0.689
KPT-LOC-0173,18.73404,82.59939,820.7,35.2,217.7,1501.3,1.19,376.0,598.3,3.19,1773.9,1,5,0,2,1,0.693
KPT-LOC-0174,18.59523,82.67778,1043.4,9.3,93.5,1475.3,1.11,406.3,1626.2,0.57,1260.5,3,3,1,0,1,0.607
KPT-LOC-0175,19.01766,82.83639,907.8,21.0,59.7,1530.4,1.13,449.4,2459.5,1.79,812.4,2,3,0,1,1,0.741
KPT-LOC-0176,19.05774,83.20236,773.6,19.1,51.9,1400.5,1.91,453.3,916.5,0.95,779.5,1,5,0,0,1,0.745
KPT-LOC-0177,18.91267,83.27745,730.5,25.2,300.6,1537.3,3.65,784.9,141.4,0.9,1627.3,0,4,3,1,0,0.488
KPT-LOC-0178,18.91183,83.20796,692.7,13.7,24.6,1612.9,2.35,516.2,290.7,2.34,1401.8,1,1,0,0,1,0.667
KPT-LOC-0179,18.98006,82.57954,557.4,2.0,356.7,1553.5,1.11,161.2,757.8,2.75,626.3,0,3,1,0,1,0.669
KPT-LOC-0180,18.57514,82.95073,1147.0,7.4,2.0,1409.2,2.27,475.9,1880.3,1.99,1048.7,1,2,1,0,1,0.688
KPT-LOC-0181,18.70756,82.83321,1010.3,5.0,308.0,1400.7,1.47,552.9,1693.9,2.57,1238.1,1,2,0,0,1,0.718
KPT-LOC-0182,18.67384,82.84265,974.9,38.9,166.3,1537.9,2.95,426.5,690.6,2.2,1524.9,0,3,4,2,1,0.558
KPT-LOC-0183,18.6436,82.49514,892.6,21.3,1.6,1467.0,1.83,331.3,1823.6,0.27,2010.3,0,2,1,1,0,0.487
KPT-LOC-0184,18.51919,82.6942,1054.6,29.7,116.7,1407.3,3.05,945.0,103.8,2.9,2059.1,0,4,2,1,1,0.604
KPT-LOC-0185,19.07613,82.83202,825.8,24.2,118.6,1524.3,3.66,644.0,2155.6,2.29,1794.4,0,3,1,1,1,0.706
KPT-LOC-0186,19.05623,83.17154,772.2,18.2,229.7,1508.5,2.02,940.8,135.9,1.17,2092.2,0,3,0,0,1,0.601
KPT-LOC-0187,18.94637,83.37331,594.5,17.5,275.2,1406.5,1.49,72.6,2420.5,3.07,1194.8,2,3,0,0,1,0.8
KPT-LOC-0188,18.90658,83.25072,676.7,10.7,275.5,1573.7,3.48,875.0,222.1,0.34,245.1,4,2,2,0,1,0.634
KPT-LOC-0189,19.00791,82.60667,687.9,30.8,114.6,1571.6,3.65,397.8,146.3,1.59,1126.9,1,2,2,2,0,0.502
KPT-LOC-0190,18.50466,82.84532,1181.3,36.7,42.6,1450.3,2.01,824.6,1407.1,2.38,180.7,0,3,1,2,1,0.664
KPT-LOC-0191,18.78405,82.94788,978.8,15.5,89.6,1603.8,3.09,738.3,1982.9,1.28,1552.3,0,4,2,0,1,0.692
KPT-LOC-0192,18.77452,82.88194,841.4,26.4,324.6,1485.3,2.19,336.1,1688.9,1.28,625.8,2,3,2,1,1,0.548
KPT-LOC-0193,18.6265,82.63685,841.5,33.2,18.8,1470.1,2.63,695.6,455.2,0.56,169.5,0,5,1,2,1,0.604
KPT-LOC-0194,18.61447,82.77003,1146.5,8.2,183.0,1507.5,2.01,842.8,175.8,0.46,622.0,0,5,2,0,1,0.729
KPT-LOC-0195,19.05338,82.8063,631.2,41.1,338.6,1608.7,1.13,366.2,2356.2,2.01,1717.3,1,3,0,2,1,0.535
KPT-LOC-0196,18.93263,83.07112,845.2,24.4,11.9,1472.2,2.17,576.7,2074.5,1.53,1242.0,1,3,3,1,1,0.683
KPT-LOC-0197,18.88366,83.25023,736.1,34.4,315.8,1609.0,2.02,258.6,2458.8,2.14,1423.4,0,5,0,2,1,0.647
KPT-LOC-0198,18.84587,83.24626,839.2,20.9,261.1,1608.7,2.97,369.9,964.1,3.11,1226.9,0,2,2,1,1,0.78
KPT-LOC-0199,19.03969,82.61106,792.2,29.8,172.1,1485.7,1.45,575.0,1614.2,1.7,2061.0,1,4,3,1,0,0.518
KPT-LOC-0200,18.56384,82.83084,1041.1,33.3,247.9,1573.6,2.31,726.3,379.6,1.86,1380.9,1,3,4,2,1,0.545
KPT-LOC-0201,18.7592,82.94423,1118.6,40.8,220.2,1429.9,1.08,454.2,1910.8,0.76,273.7,2,1,2,2,0,0.449
KPT-LOC-0202,18.68292,82.87015,931.0,35.1,94.8,1559.4,2.93,227.8,1608.9,3.18,1971.0,2,3,3,2,1,0.602
KPT-LOC-0203,18.74389,82.51487,755.4,14.1,100.2,1469.2,2.87,724.7,2443.6,3.11,1907.3,1,3,0,0,1,0.756
KPT-LOC-0204,18.50964,82.78025,1094.9,22.1,20.0,1601.0,2.6,806.9,2085.5,0.76,407.9,3,4,3,1,1,0.737
KPT-LOC-0205,19.11297,82.89931,762.2,41.5,197.2,1478.0,1.1,948.9,1552.1,1.82,720.6,0,3,4,2,1,0.583
KPT-LOC-0206,19.06496,83.13564,939.0,33.4,91.0,1492.2,3.75,859.7,2075.1,2.53,405.5,0,5,0,2,1,0.743
KPT-LOC-0207,19.00727,83.23571,900.0,3.8,310.6,1473.0,2.87,262.8,251.5,3.03,852.6,4,3,1,0,1,0.667
KPT-LOC-0208,18.8535,83.21458,768.2,10.1,141.7,1606.0,2.15,367.1,1371.6,2.54,1013.9,1,5,1,0,1,0.871
KPT-LOC-0209,18.97215,82.55747,537.2,36.4,167.8,1415.0,1.31,226.2,2122.0,2.05,1303.3,1,4,0,2,1,0.591
KPT-LOC-0210,18.52079,82.86945,1105.5,21.3,13.5,1499.6,3.62,503.5,2052.8,1.31,1536.9,3,3,0,1,1,0.646
KPT-LOC-0211,18.77919,82.86806,794.7,15.6,288.0,1567.6,2.88,928.0,2261.2,1.87,84.1,3,1,0,0,1,0.725
KPT-LOC-0212,18.65365,82.77459,854.1,9.9,91.3,1587.5,3.33,698.1,996.8,2.77,1883.3,2,1,0,0,1,0.662
KPT-LOC-0213,18.62674,82.60062,829.4,24.5,18.1,1462.9,1.56,122.8,2331.9,1.76,957.3,1,2,2,1,1,0.681
KPT-LOC-0214,18.60416,82.78995,1091.7,20.4,328.8,1445.5,2.72,847.9,1591.0,2.68,1712.2,1,2,3,1,1,0.695
KPT-LOC-0215,18.98833,82.83125,958.8,31.9,247.7,1533.1,1.37,880.8,1203.7,2.54,702.0,1,2,0,2,1,0.606
KPT-LOC-0216,19.011,83.10493,993.9,22.6,209.7,1515.3,2.57,722.6,1164.1,1.04,1698.7,1,3,0,1,1,0.614
KPT-LOC-0217,18.92026,83.33619,554.9,13.9,325.8,1446.3,2.48,823.7,948.8,2.24,1178.8,0,3,1,0,1,0.74
KPT-LOC-0218,18.82825,83.13693,761.3,16.2,199.5,1466.9,2.22,759.5,610.3,2.23,462.9,2,5,0,0,1,0.876
KPT-LOC-0219,19.05243,82.58179,579.3,20.8,120.3,1578.6,1.44,844.8,2472.9,2.95,337.1,2,1,0,1,1,0.792
KPT-LOC-0220,18.57119,82.85183,1060.4,34.1,77.6,1451.5,3.38,268.7,1528.3,1.41,652.8,0,4,3,2,1,0.593
KPT-LOC-0221,18.69615,82.90465,852.3,18.5,338.6,1580.1,2.0,18.8,1572.8,1.48,1722.6,2,3,1,0,1,0.652
KPT-LOC-0222,18.7243,82.85386,1093.6,32.7,24.8,1475.4,0.84,59.9,565.0,2.43,907.2,0,3,3,2,1,0.616
KPT-LOC-0223,18.70981,82.48975,781.3,19.7,147.5,1474.0,3.35,247.4,1848.4,1.07,939.9,2,5,0,0,1,0.75
KPT-LOC-0224,18.55597,82.75901,1010.1,19.2,255.0,1472.9,1.98,442.5,770.2,1.77,174.2,0,2,3,0,1,0.741
KPT-LOC-0225,19.10954,82.89711,698.7,27.6,283.8,1487.2,3.15,257.8,2130.4,0.46,632.3,2,4,1,1,1,0.523
KPT-LOC-0226,18.91447,83.07876,734.3,2.1,316.9,1495.9,2.74,669.6,1845.8,2.23,1192.8,0,3,0,0,1,0.58
KPT-LOC-0227,19.00784,83.27707,854.4,16.9,308.6,1618.1,2.36,451.4,891.1,1.56,1700.0,2,3,1,0,1,0.665
KPT-LOC-0228,18.83057,83.11573,564.8,23.5,255.4,1460.0,1.36,30.1,343.1,2.39,722.8,0,4,1,1,1,0.828
KPT-LOC-0229,18.96127,82.59945,657.8,3.8,340.3,1425.3,0.8,301.2,1856.3,2.3,1794.3,3,3,1,0,1,0.535
KPT-LOC-0230,18.54174,82.91345,1111.1,22.0,29.2,1597.0,2.87,868.9,1262.8,3.18,1754.2,1,5,3,1,1,0.865
KPT-LOC-0231,18.6995,82.81787,1114.0,29.4,11.6,1606.2,0.99,641.1,1543.6,2.29,1924.3,2,3,2,1,1,0.541
KPT-LOC-0232,18.79759,82.92067,1100.2,36.3,6.1,1550.5,1.27,636.9,2485.4,0.38,1078.8,3,3,1,2,0,0.45
KPT-LOC-0233,18.73311,82.55402,685.3,39.2,242.2,1479.1,1.5,621.5,726.6,1.41,224.9,0,1,3,2,0,0.507
KPT-LOC-0234,18.60127,82.70564,987.1,21.0,126.6,1413.1,1.31,491.8,1173.3,3.04,1799.1,4,3,0,1,1,0.753
KPT-LOC-0235,19.0098,82.92296,789.3,11.4,107.6,1464.7,1.04,86.0,618.6,0.38,1839.3,0,1,0,0,0,0.468
KPT-LOC-0236,18.97706,83.1876,897.0,22.3,96.9,1455.3,1.1,769.1,2343.2,2.6,606.5,2,2,1,1,1,0.773
KPT-LOC-0237,18.99205,83.35963,878.4,16.7,138.8,1415.1,3.1,253.6,870.3,1.3,1484.7,1,2,0,0,1,0.601
KPT-LOC-0238,18.93339,83.10517,772.4,12.3,66.7,1454.0,1.42,814.6,1520.5,0.52,250.4,0,4,2,0,1,0.717
KPT-LOC-0239,19.09961,82.55814,764.5,7.3,7.4,1456.9,1.89,387.7,2184.4,0.64,1734.6,0,4,4,0,1,0.615
KPT-LOC-0240,18.6506,82.83851,866.7,24.1,297.8,1612.0,2.11,320.1,1683.8,2.42,1907.9,0,5,1,1,1,0.795
KPT-LOC-0241,18.74701,82.81658,871.5,24.6,243.0,1481.4,3.37,566.7,376.5,2.05,1811.7,0,4,2,1,1,0.722
KPT-LOC-0242,18.76259,82.88486,1086.4,9.0,244.2,1426.0,1.27,860.0,996.4,2.04,1403.3,4,3,0,0,1,0.706
KPT-LOC-0243,18.69703,82.57407,1025.1,6.0,288.7,1405.2,1.84,448.2,280.1,1.45,713.1,1,3,0,0,1,0.71
KPT-LOC-0244,18.64141,82.66243,924.6,2.4,72.1,1563.6,1.58,869.2,938.0,0.42,727.1,1,3,1,0,0,0.481
KPT-LOC-0245,19.02411,82.78082,870.0,5.4,294.7,1507.7,3.41,112.9,1565.8,2.2,1562.1,3,4,0,0,1,0.754
KPT-LOC-0246,18.9447,83.07686,929.4,31.8,261.9,1453.7,3.22,519.9,2404.1,0.73,445.5,0,2,0,2,0,0.476
KPT-LOC-0247,19.00415,83.35916,646.2,20.8,112.8,1582.2,2.23,532.4,923.9,3.04,418.1,3,2,2,1,1,0.832
KPT-LOC-0248,18.81091,83.23968,731.9,36.6,124.5,1444.3,2.94,151.3,2414.3,0.6,1809.8,2,3,0,2,0,0.403
KPT-LOC-0249,18.9742,82.50297,798.4,24.4,272.7,1514.6,0.93,695.5,45.0,1.89,426.9,1,5,4,1,1,0.856
KPT-LOC-0250,18.53435,82.93533,1063.0,15.0,100.9,1499.2,3.52,928.2,214.1,0.25,1276.0,0,4,0,0,1,0.623
KPT-LOC-0251,18.68928,82.93477,805.6,35.6,196.0,1612.8,3.77,936.6,1521.0,1.73,1736.9,0,3,1,2,0,0.512
KPT-LOC-0252,18.79177,82.86469,786.0,11.1,142.0,1602.0,2.93,892.9,1871.6,0.41,125.8,0,1,3,0,1,0.611
KPT-LOC-0253,18.67406,82.55739,690.7,17.0,68.8,1572.0,1.55,768.0,1693.4,2.22,628.5,0,1,1,0,1,0.712
KPT-LOC-0254,18.52777,82.7784,901.6,11.1,114.8,1503.8,3.31,857.2,252.3,0.69,1652.0,1,5,2,0,1,0.669
KPT-LOC-0255,19.00833,82.84654,721.4,31.8,32.0,1385.8,1.05,158.1,1649.4,0.95,542.1,0,1,1,2,0,0.44
KPT-LOC-0256,19.05569,83.13792,788.8,31.5,92.2,1444.5,2.15,311.7,58.0,0.9,1947.7,2,1,0,2,0,0.336
KPT-LOC-0257,18.95524,83.25746,843.1,17.4,231.5,1386.9,1.53,431.0,675.2,1.06,283.4,0,2,2,0,1,0.67
KPT-LOC-0258,18.82974,83.11233,521.4,17.6,227.3,1406.0,2.55,420.3,1549.3,2.24,1325.2,0,4,0,0,1,0.766
KPT-LOC-0259,18.99313,82.62675,588.1,22.4,78.7,1568.1,1.98,99.8,2043.0,0.3,1361.7,2,3,1,1,1,0.587
KPT-LOC-0260,18.49896,82.92339,875.8,33.5,132.4,1392.2,1.66,149.0,1691.3,1.22,110.4,2,4,2,2,1,0.614
KPT-LOC-0261,18.70045,82.80613,852.0,21.1,127.8,1383.8,1.09,374.4,746.9,0.97,1677.5,0,3,2,1,1,0.598
KPT-LOC-0262,18.72821,82.85049,1001.5,7.9,138.8,1522.5,1.38,682.3,251.1,1.15,387.3,0,3,1,0,1,0.722
KPT-LOC-0263,18.59088,82.63152,840.2,21.7,5.2,1586.5,2.72,840.9,1130.0,1.11,1688.2,0,5,1,1,1,0.707
KPT-LOC-0264,18.65757,82.66227,989.8,16.5,102.1,1502.5,2.04,926.3,1121.7,0.91,515.0,3,2,3,0,1,0.652
KPT-LOC-0265,19.11742,82.88127,930.9,9.1,100.4,1399.5,3.17,206.8,1197.9,1.29,2024.1,0,4,2,0,1,0.64
KPT-LOC-0266,18.9156,83.11265,739.9,40.9,27.6,1430.0,1.35,422.2,1627.8,2.82,1408.6,0,3,1,2,1,0.605
KPT-LOC-0267,18.97823,83.33349,639.1,9.7,110.9,1412.5,0.94,698.9,2108.2,0.66,857.6,2,2,1,0,1,0.598
KPT-LOC-0268,18.88229,83.17086,604.7,33.8,44.3,1425.6,2.14,620.2,644.1,2.77,1849.2,2,3,1,2,1,0.567
KPT-LOC-0269,19.00286,82.56152,762.9,7.8,133.6,1589.5,1.73,395.5,1464.2,1.51,358.8,0,4,0,0,1,0.798
KPT-LOC-0270,18.60404,82.8548,1032.2,25.7,163.3,1476.6,3.31,519.1,1882.1,0.57,620.7,1,3,0,1,0,0.492
KPT-LOC-0271,18.69504,82.85813,1041.1,24.2,115.6,1580.1,2.42,928.8,1922.5,2.72,823.3,1,4,2,1,1,0.857
KPT-LOC-0272,18.65038,82.76732,1078.0,37.6,112.6,1398.7,3.09,824.3,1695.5,0.61,260.0,1,4,0,2,1,0.555
KPT-LOC-0273,18.71274,82.60415,842.3,5.4,277.4,1446.8,1.12,105.9,1453.1,3.1,1831.7,3,3,1,0,1,0.759
KPT-LOC-0274,18.53658,82.66995,1149.0,23.9,37.0,1540.5,2.77,93.6,2478.4,1.41,863.6,4,2,0,1,1,0.668
KPT-LOC-0275,19.07633,82.82316,695.1,3.3,233.7,1429.1,1.59,432.0,2258.5,0.35,666.5,2,1,3,0,0,0.387
KPT-LOC-0276,18.95842,83.19418,791.0,30.1,282.4,1513.4,2.77,440.3,1035.6,1.77,1450.7,0,2,2,2,0,0.487
KPT-LOC-0277,18.88231,83.23739,806.8,28.2,65.9,1529.2,3.1,378.9,1719.1,0.46,796.2,1,3,0,1,0,0.475
KPT-LOC-0278,18.92885,83.17661,687.8,14.1,219.8,1533.2,3.39,624.6,1240.8,2.17,440.5,1,1,1,0,1,0.718
KPT-LOC-0279,18.9957,82.6157,662.5,27.5,154.4,1551.1,3.55,423.9,1401.9,1.51,1161.3,0,5,2,1,1,0.612
KPT-LOC-0280,18.58339,82.94705,1117.8,32.5,233.8,1564.1,1.9,743.0,586.4,1.07,581.8,0,3,1,2,1,0.542
KPT-LOC-0281,18.75324,82.93606,969.2,8.8,76.8,1554.4,1.91,96.0,2312.2,2.47,1869.7,1,1,3,0,1,0.637
KPT-LOC-0282,18.74749,82.77833,1007.1,26.0,187.9,1539.3,2.8,23.6,599.5,3.0,367.9,0,3,1,1,1,0.707
KPT-LOC-0283,18.66936,82.55997,968.5,27.7,344.6,1520.4,2.7,858.0,846.7,3.05,1663.5,2,2,1,1,1,0.572
KPT-LOC-0284,18.50736,82.7835,1043.3,6.5,348.2,1591.6,2.56,455.3,2124.4,1.86,1385.2,3,3,0,0,1,0.709
KPT-LOC-0285,18.96558,82.83382,760.9,24.9,168.1,1484.0,0.91,271.4,2240.0,0.56,1269.5,0,3,0,1,1,0.606
KPT-LOC-0286,19.02219,83.05082,984.1,34.0,269.3,1391.5,3.3,63.2,2290.3,2.56,1065.3,2,4,2,2,1,0.646
KPT-LOC-0287,18.92634,83.25472,656.3,13.5,283.3,1503.1,1.94,681.3,1042.2,1.88,1851.3,1,3,0,0,1,0.667
KPT-LOC-0288,18.927,83.25787,585.5,31.5,256.0,1464.3,3.12,547.9,1744.4,1.92,162.6,0,3,0,2,1,0.631
KPT-LOC-0289,19.07487,82.51039,656.9,30.0,316.4,1429.9,1.28,131.3,1392.7,0.98,1863.2,1,2,2,1,0,0.387
KPT-LOC-0290,18.58841,82.91142,1044.9,22.9,311.3,1552.1,0.82,794.3,1308.0,2.88,1311.0,0,3,0,1,1,0.791
KPT-LOC-0291,18.72423,82.93174,847.4,8.2,162.9,1585.4,3.53,903.5,165.4,2.99,540.5,0,4,0,0,1,0.9
KPT-LOC-0292,18.7626,82.86537,1047.7,14.7,193.6,1542.1,3.49,926.8,962.0,0.5,656.3,1,1,3,0,1,0.572
KPT-LOC-0293,18.73738,82.61448,794.3,41.5,196.4,1607.6,1.47,920.4,1800.7,1.32,183.6,2,3,1,2,1,0.596
KPT-LOC-0294,18.65317,82.73822,951.6,16.0,167.2,1458.5,1.93,726.8,2355.9,2.55,1884.1,1,2,0,0,1,0.673
KPT-LOC-0295,19.07987,82.93081,856.2,10.1,324.4,1620.0,3.53,888.4,2236.1,2.12,102.2,2,4,0,0,1,0.868
KPT-LOC-0296,18.96242,83.18692,1041.4,21.7,57.8,1540.7,2.21,25.5,748.3,1.01,421.6,1,4,3,1,1,0.75
KPT-LOC-0297,19.0092,83.23152,777.4,31.2,354.3,1435.1,0.99,399.0,730.9,1.2,111.8,1,3,1,2,1,0.576
KPT-LOC-0298,18.94426,83.18591,562.2,35.4,195.6,1467.7,2.68,705.1,2465.1,0.83,128.4,0,2,0,2,0,0.508
KPT-LOC-0299,18.96329,82.48538,544.1,10.6,197.2,1599.4,2.52,405.4,87.7,2.26,697.7,3,5,0,0,1,0.872
KPT-LOC-0300,18.59132,82.93724,1035.5,26.3,158.2,1477.5,3.63,33.9,535.0,2.68,1430.6,0,2,0,1,1,0.556
KPT-LOC-0301,18.66502,82.87867,1106.9,13.6,8.9,1411.0,1.41,130.4,1138.2,2.32,287.4,1,3,3,0,1,0.81
KPT-LOC-0302,18.79973,82.90047,982.0,19.5,146.9,1585.2,2.0,448.6,570.9,2.75,669.4,0,3,0,0,1,0.831
KPT-LOC-0303,18.59837,82.48745,750.0,18.6,168.8,1569.4,1.53,811.6,1294.8,0.75,1309.4,1,3,1,0,1,0.626
KPT-LOC-0304,18.51848,82.71321,915.1,14.7,94.1,1439.9,3.44,15.5,1760.8,1.96,164.4,0,3,0,0,1,0.794
KPT-LOC-0305,18.96542,82.81289,738.6,15.1,185.8,1568.6,1.88,577.8,227.2,3.09,208.6,1,3,0,0,1,0.891
KPT-LOC-0306,19.0138,83.05779,900.4,22.6,5.4,1520.1,2.49,205.6,2308.7,0.58,370.9,2,3,3,1,1,0.678
KPT-LOC-0307,18.92342,83.31112,869.8,35.0,343.9,1611.1,1.11,312.0,1418.5,2.31,2067.8,1,3,2,2,1,0.537
KPT-LOC-0308,18.85422,83.25071,724.0,20.5,227.5,1593.0,1.83,824.0,1336.0,1.19,1659.5,3,2,4,1,1,0.596
KPT-LOC-0309,19.00826,82.5986,712.1,28.3,232.5,1521.6,1.28,26.6,632.6,2.04,70.7,3,3,2,1,1,0.652
KPT-LOC-0310,18.63433,82.85938,1194.7,23.9,76.0,1531.9,3.8,837.4,884.5,0.3,1624.3,4,3,2,1,1,0.564
KPT-LOC-0311,18.72708,82.90393,833.6,37.9,22.3,1461.5,1.2,302.2,2295.0,1.63,855.9,3,5,1,2,1,0.636
KPT-LOC-0312,18.74246,82.79013,928.1,10.5,145.5,1441.7,1.61,112.7,945.3,2.72,1490.8,2,2,4,0,1,0.714
KPT-LOC-0313,18.67717,82.49615,956.2,4.2,18.3,1493.3,0.96,54.4,856.2,1.7,1738.6,1,4,3,0,1,0.538
KPT-LOC-0314,18.59988,82.67623,1080.4,2.8,281.0,1533.7,1.96,743.5,2006.1,1.59,1164.3,0,2,0,0,0,0.496
KPT-LOC-0315,19.03523,82.91877,905.4,24.1,344.3,1412.9,2.72,780.7,2084.5,2.26,53.1,0,3,1,1,1,0.824
KPT-LOC-0316,19.05897,83.1222,903.0,35.5,222.6,1579.9,2.53,200.8,68.8,0.65,754.5,2,2,2,2,0,0.458
KPT-LOC-0317,18.88589,83.26584,871.2,36.1,57.1,1506.7,2.97,669.6,213.5,0.51,630.1,2,4,2,2,1,0.529
KPT-LOC-0318,18.81374,83.21561,788.9,18.2,110.5,1383.4,1.0,415.4,669.9,0.78,723.7,1,3,1,0,1,0.655
KPT-LOC-0319,18.9889,82.58061,676.1,13.8,40.2,1548.9,0.81,947.5,1972.7,1.29,1187.5,2,1,2,0,1,0.595
KPT-LOC-0320,18.62658,82.83971,962.2,40.6,115.5,1534.2,3.29,829.3,1223.2,1.98,1271.5,3,1,4,2,0,0.479
KPT-LOC-0321,18.77387,82.83078,975.8,30.9,107.4,1441.6,2.28,780.6,652.2,2.38,543.9,1,3,1,2,1,0.636
KPT-LOC-0322,18.68196,82.88449,1087.0,33.1,66.3,1421.4,3.33,318.5,1079.9,1.86,138.8,1,4,2,2,1,0.664
KPT-LOC-0323,18.71812,82.5781,809.1,5.2,159.9,1528.8,1.64,59.0,1479.9,2.14,858.2,0,3,4,0,1,0.764
KPT-LOC-0324,18.57783,82.76628,1064.7,9.7,165.1,1494.2,3.72,151.5,209.1,1.8,481.0,2,2,0,0,1,0.723
KPT-LOC-0325,19.11036,82.88167,701.7,13.2,46.7,1394.3,3.3,734.0,1719.4,1.2,1777.5,0,2,3,0,1,0.57
KPT-LOC-0326,19.02898,83.20004,777.2,28.4,244.2,1522.7,1.85,303.5,751.5,1.73,225.2,0,3,1,1,1,0.617
KPT-LOC-0327,18.89268,83.38551,699.1,30.3,225.8,1470.1,1.02,378.3,869.5,1.02,2000.4,1,4,2,2,0,0.464
KPT-LOC-0328,18.89342,83.22958,804.3,10.3,349.7,1427.1,3.32,22.7,46.1,0.54,663.7,1,3,3,0,1,0.644
KPT-LOC-0329,18.99501,82.48893,595.0,2.3,349.0,1406.6,3.74,499.5,497.8,0.48,161.2,0,2,2,0,0,0.473
KPT-LOC-0330,18.59534,82.92485,1195.6,24.5,253.1,1450.1,1.8,670.8,1895.8,2.09,755.7,0,4,2,1,1,0.801
KPT-LOC-0331,18.70243,82.84532,796.5,6.7,64.7,1472.8,1.78,860.4,1285.2,1.5,701.7,2,2,0,0,1,0.681
KPT-LOC-0332,18.66746,82.79258,812.0,23.4,173.4,1602.8,1.25,387.9,1113.3,1.66,1815.3,3,4,2,1,1,0.702
KPT-LOC-0333,18.69646,82.55765,1018.4,26.4,108.4,1435.5,3.01,455.0,354.6,0.87,1858.3,1,4,0,1,0,0.459
KPT-LOC-0334,18.61838,82.78222,844.5,21.6,11.8,1575.3,0.89,506.0,2396.7,1.59,1950.0,1,2,3,1,1,0.604
KPT-LOC-0335,19.09464,82.82967,946.6,36.4,141.4,1545.4,3.45,185.8,1266.7,1.05,1833.0,1,4,1,2,0,0.485
KPT-LOC-0336,19.03953,83.13586,918.0,10.1,82.1,1481.3,3.55,155.1,591.4,2.77,1966.7,2,2,1,0,1,0.686
KPT-LOC-0337,18.96329,83.30211,563.4,39.5,30.2,1523.3,2.1,272.6,536.7,1.47,90.8,1,1,2,2,1,0.526
KPT-LOC-0338,18.84876,83.25221,829.1,32.5,328.6,1567.7,2.53,655.2,293.0,0.63,870.5,1,3,0,2,0,0.487
KPT-LOC-0339,18.96922,82.55151,747.2,10.8,85.3,1519.0,2.66,627.8,435.0,2.39,1183.6,1,3,2,0,1,0.758
KPT-LOC-0340,18.60084,82.93221,1073.0,36.2,89.4,1600.1,3.44,808.4,2433.0,2.42,489.6,1,3,1,2,1,0.658
KPT-LOC-0341,18.73548,82.89452,879.3,15.3,345.5,1505.3,2.11,431.3,146.8,1.51,627.0,1,3,1,0,1,0.73
KPT-LOC-0342,18.73456,82.92013,775.5,39.8,43.4,1606.7,0.83,907.1,317.8,2.62,334.3,2,1,0,2,1,0.606
KPT-LOC-0343,18.7081,82.52046,714.2,10.5,297.1,1619.9,2.06,335.0,1251.3,2.26,1490.0,0,3,1,0,1,0.735
KPT-LOC-0344,18.63065,82.7356,822.0,8.2,310.7,1440.0,2.03,382.4,1131.9,1.89,1060.8,2,2,1,0,1,0.681
KPT-LOC-0345,19.01598,82.82568,649.2,31.6,159.8,1434.3,1.3,580.2,512.8,2.97,1999.9,1,4,3,2,1,0.613
KPT-LOC-0346,18.988,83.10216,893.7,33.4,43.1,1426.8,0.9,819.7,1168.2,0.63,1093.2,2,2,2,2,0,0.417
KPT-LOC-0347,18.98268,83.2538,650.6,15.4,129.7,1491.6,1.61,142.4,1639.6,1.88,288.3,1,5,0,0,1,0.864
KPT-LOC-0348,18.83477,83.10902,784.1,22.9,264.7,1563.2,3.59,515.1,1368.4,0.45,1299.9,1,2,0,1,1,0.563
KPT-LOC-0349,19.10182,82.54293,663.2,12.1,193.6,1503.2,3.2,444.1,2183.0,0.33,470.0,0,4,2,0,1,0.69
KPT-LOC-0350,18.61049,82.82411,1023.6,39.5,172.3,1468.4,1.19,692.2,2307.4,2.98,1064.4,1,4,0,2,1,0.687
KPT-LOC-0351,18.62831,82.91625,1050.8,25.8,203.9,1463.6,2.37,422.7,233.0,2.0,2005.3,0,3,1,1,0,0.499
KPT-LOC-0352,18.65266,82.91877,981.7,23.3,107.9,1567.6,2.86,553.8,1635.5,1.51,90.8,2,4,1,1,1,0.816
KPT-LOC-0353,18.61045,82.60416,866.9,9.6,51.1,1381.1,1.35,245.3,2154.9,2.23,759.6,0,4,1,0,1,0.805
KPT-LOC-0354,18.53831,82.6758,1050.1,37.9,42.4,1458.1,2.32,667.9,1296.8,2.39,1272.3,1,1,0,2,0,0.503
KPT-LOC-0355,19.03383,82.89874,800.7,10.4,157.0,1399.7,3.06,243.1,1654.5,2.6,1104.7,1,1,0,0,1,0.69
KPT-LOC-0356,18.98044,83.19037,822.8,10.5,289.0,1603.3,0.9,637.2,202.2,0.73,1968.1,1,4,0,0,1,0.618
KPT-LOC-0357,18.98711,83.33798,698.4,16.7,311.5,1388.4,2.9,521.1,1870.6,1.2,790.2,1,1,0,0,1,0.603
KPT-LOC-0358,18.94831,83.17406,740.9,40.3,59.7,1417.7,1.75,632.2,1221.6,1.35,1898.9,0,4,3,2,0,0.492
KPT-LOC-0359,19.10131,82.50008,799.0,12.8,218.5,1441.4,3.75,89.7,2100.6,1.2,429.9,0,1,1,0,1,0.635
KPT-LOC-0360,18.49317,82.93792,1122.8,29.4,256.2,1485.9,3.69,923.7,1039.4,1.16,867.2,1,3,0,1,1,0.521
KPT-LOC-0361,18.76215,82.88756,853.5,7.9,84.2,1527.6,3.63,48.8,2102.9,0.9,1710.5,3,3,1,0,1,0.604
KPT-LOC-0362,18.69902,82.82367,1105.0,35.9,341.5,1437.8,1.41,564.6,2229.4,0.71,1993.3,0,2,1,2,0,0.357
KPT-LOC-0363,18.73771,82.57878,704.1,38.6,339.2,1452.5,2.71,314.7,2407.6,2.41,1154.1,1,3,2,2,1,0.593
KPT-LOC-0364,18.63727,82.64662,1095.9,26.2,340.6,1390.8,1.95,159.7,1999.2,0.77,261.5,1,2,0,1,0,0.486
KPT-LOC-0365,19.08664,82.89175,631.1,35.8,29.4,1410.7,1.93,206.7,1726.9,0.99,934.4,1,2,0,2,0,0.455
KPT-LOC-0366,19.06707,83.11061,933.4,3.0,31.9,1594.1,2.73,358.6,2067.6,1.02,496.4,2,3,2,0,1,0.548
KPT-LOC-0367,18.90653,83.38203,657.0,27.7,59.8,1505.7,2.32,572.9,804.3,1.47,1181.2,1,3,0,1,1,0.523
KPT-LOC-0368,18.91463,83.16354,621.6,23.0,336.6,1414.1,3.13,601.9,2017.2,1.93,1908.4,2,4,4,1,1,0.698
KPT-LOC-0369,19.04983,82.52416,858.5,4.3,206.8,1457.5,2.72,31.0,838.4,0.82,1408.5,1,4,1,0,0,0.491
KPT-LOC-0370,18.648,82.82883,912.2,20.4,345.3,1609.3,1.87,400.1,1096.5,2.54,692.1,1,2,1,1,1,0.776
KPT-LOC-0371,18.74951,82.93004,1032.1,41.2,228.4,1486.6,3.25,727.3,2345.3,0.99,1403.8,1,5,1,2,1,0.547
KPT-LOC-0372,18.68608,82.89685,1094.3,22.9,85.5,1495.6,3.44,331.9,357.2,1.84,822.1,1,2,0,1,1,0.701
KPT-LOC-0373,18.6287,82.59685,899.0,39.7,168.9,1572.6,1.25,77.1,2450.7,2.6,1966.3,1,2,1,2,0,0.519
KPT-LOC-0374,18.58223,82.64558,1074.7,21.4,220.0,1596.0,1.34,312.6,2045.0,2.89,1751.0,0,1,1,1,1,0.683
KPT-LOC-0375,18.96862,82.82377,697.9,39.3,232.4,1611.6,1.54,493.5,2322.5,1.14,585.5,0,3,1,2,1,0.552
KPT-LOC-0376,18.9734,83.18221,910.5,13.0,30.2,1416.5,1.14,444.6,2498.9,1.69,1675.6,2,2,1,0,1,0.617
KPT-LOC-0377,19.02036,83.32086,841.6,29.6,262.1,1563.9,3.78,322.1,919.2,1.05,23.1,2,2,1,1,1,0.543
KPT-LOC-0378,18.86316,83.2186,608.4,9.1,100.3,1418.8,1.82,425.9,1465.0,1.61,168.6,4,3,1,0,1,0.765
KPT-LOC-0379,18.99905,82.53499,747.4,19.5,113.3,1530.4,3.05,789.3,142.0,2.32,151.1,0,3,2,0,1,0.832
KPT-LOC-0380,18.49368,82.8536,921.7,34.7,88.9,1491.8,1.87,77.4,1432.9,2.76,138.3,3,4,2,2,1,0.741
KPT-LOC-0381,18.66575,82.82597,978.2,14.7,14.5,1538.4,1.11,328.3,2231.4,2.62,556.3,0,2,1,0,1,0.786
KPT-LOC-0382,18.80537,82.80025,1098.1,41.5,219.7,1553.0,2.87,947.8,984.8,2.07,1697.6,2,4,0,2,1,0.576
KPT-LOC-0383,18.70506,82.52475,731.7,16.7,68.3,1473.8,1.09,323.5,2142.0,0.48,1103.8,0,3,2,0,1,0.612
KPT-LOC-0384,18.62553,82.7221,895.8,2.3,169.2,1419.0,2.78,910.5,1170.8,1.81,1368.4,1,1,1,0,0,0.448
KPT-LOC-0385,19.0965,82.82914,829.8,32.7,327.5,1583.3,1.71,67.6,488.4,0.95,1988.5,1,3,2,2,0,0.429
KPT-LOC-0386,18.90864,83.08966,1048.1,6.7,48.3,1525.7,1.14,371.6,582.5,1.83,387.0,2,3,1,0,1,0.775
KPT-LOC-0387,18.96064,83.37403,835.7,34.3,266.4,1441.9,1.98,357.9,1691.1,2.05,616.5,0,3,3,2,1,0.605
KPT-LOC-0388,18.88722,83.17425,737.9,21.9,256.1,1509.2,1.4,201.7,1645.6,1.12,906.9,0,1,1,1,1,0.599
KPT-LOC-0389,19.07833,82.51886,808.6,36.6,171.9,1436.7,1.96,632.8,1103.7,0.82,1000.5,1,3,1,2,0,0.48
KPT-LOC-0390,18.5099,82.82261,1189.0,9.9,243.1,1601.2,1.39,22.5,131.4,1.84,537.3,2,3,1,0,1,0.771
KPT-LOC-0391,18.67535,82.87121,899.5,3.7,85.7,1601.8,1.19,854.0,1856.3,1.7,554.3,0,4,2,0,1,0.637
KPT-LOC-0392,18.78451,82.84776,796.7,37.5,56.4,1556.2,2.94,762.1,948.4,2.3,1967.3,3,2,2,2,0,0.494
KPT-LOC-0393,18.7118,82.51974,963.6,28.6,43.5,1416.0,1.03,23.3,2454.3,1.87,775.0,0,5,1,1,1,0.657
KPT-LOC-0394,18.62142,82.78834,1102.1,39.8,12.5,1415.0,1.68,72.2,591.9,0.99,1490.6,3,5,0,2,1,0.534
KPT-LOC-0395,19.11485,82.90403,657.2,29.5,131.7,1561.8,3.26,849.9,836.0,1.64,1156.8,0,4,1,1,1,0.584
KPT-LOC-0396,18.97882,83.12453,986.4,13.2,319.8,1514.7,2.05,895.8,1875.6,2.78,288.0,0,5,1,0,1,0.936
KPT-LOC-0397,18.98391,83.32039,820.9,22.4,203.5,1533.4,1.02,280.0,2235.2,1.53,1651.4,1,5,1,1,1,0.738
KPT-LOC-0398,18.94548,83.18299,653.0,24.7,32.9,1519.5,2.73,428.6,593.0,1.93,1453.1,0,5,1,1,1,0.782
KPT-LOC-0399,19.01212,82.47422,558.8,14.1,319.2,1506.3,1.02,622.1,1006.9,1.95,1586.3,0,4,0,0,1,0.733
KPT-LOC-0400,18.5776,82.91945,1013.2,8.4,192.7,1450.7,1.17,377.3,1248.0,3.0,702.0,1,4,2,0,1,0.876
KPT-LOC-0401,18.71801,82.82137,860.2,38.0,241.1,1574.7,3.36,303.0,1167.7,1.34,1951.0,1,3,0,2,0,0.462
KPT-LOC-0402,18.78931,82.78173,887.6,26.7,159.1,1404.1,2.89,579.6,1578.8,0.47,1493.4,1,2,1,1,0,0.372
KPT-LOC-0403,18.72712,82.54602,758.4,35.2,354.5,1608.6,2.11,211.3,1651.9,1.19,1239.8,2,2,0,2,0,0.467
KPT-LOC-0404,18.60538,82.77352,954.5,24.0,265.9,1514.6,1.32,742.2,892.5,2.71,1649.7,0,3,1,1,1,0.748
KPT-LOC-0405,18.96753,82.84463,735.2,11.0,314.6,1501.5,2.68,160.7,2442.3,3.12,138.6,1,4,0,0,1,0.933
KPT-LOC-0406,18.92678,83.10152,985.9,23.0,134.5,1477.0,1.66,801.5,623.7,0.5,1990.4,1,4,1,1,1,0.587
KPT-LOC-0407,18.99786,83.29271,666.7,18.0,91.4,1441.4,2.31,212.3,2172.5,1.63,507.4,0,3,1,0,1,0.743
KPT-LOC-0408,18.85348,83.2338,764.3,13.4,96.4,1399.8,3.59,220.3,1584.4,2.08,1574.1,2,4,2,0,1,0.734
KPT-LOC-0409,19.07837,82.48263,601.5,22.9,263.3,1520.1,0.88,186.8,2000.2,1.44,851.0,2,3,0,1,1,0.709
KPT-LOC-0410,18.58536,82.82945,922.2,22.0,319.1,1526.4,1.33,451.7,1556.4,2.71,1829.0,1,4,2,1,1,0.776
KPT-LOC-0411,18.70871,82.90384,976.8,16.7,330.1,1402.2,3.75,398.4,1623.7,2.46,2091.7,1,4,1,0,1,0.732
KPT-LOC-0412,18.70923,82.86541,918.9,7.0,225.5,1477.9,2.88,647.7,2274.6,1.94,1180.4,1,3,1,0,1,0.72
KPT-LOC-0413,18.63791,82.49296,864.6,39.4,132.2,1569.2,1.58,203.8,108.3,0.97,645.8,0,5,3,2,1,0.61
KPT-LOC-0414,18.60756,82.68584,1061.1,38.5,268.6,1479.5,1.28,463.4,2477.7,2.53,1418.2,0,3,2,2,1,0.586
KPT-LOC-0415,19.07824,82.86676,898.0,41.6,329.3,1608.1,2.93,926.4,124.8,0.26,72.1,0,4,1,2,1,0.561
KPT-LOC-0416,19.01205,83.07696,1041.6,8.8,199.6,1607.9,2.67,321.8,404.4,2.27,1203.0,3,3,1,0,1,0.756
KPT-LOC-0417,18.9725,83.32394,792.3,3.0,103.5,1432.6,3.55,338.5,2128.8,2.87,1194.0,1,4,2,0,1,0.664
KPT-LOC-0418,18.86403,83.17979,760.0,41.5,147.9,1492.7,2.98,592.4,353.7,1.99,1549.0,0,3,2,2,1,0.535
KPT-LOC-0419,19.01845,82.51086,768.0,17.4,92.2,1531.9,2.03,679.4,1594.4,0.39,468.1,0,1,2,0,1,0.578
KPT-LOC-0420,18.58786,82.91626,1094.4,19.3,36.5,1531.8,1.98,255.5,1852.2,0.74,2074.7,4,2,0,0,1,0.529
KPT-LOC-0421,18.65752,82.89691,1109.3,35.5,262.0,1436.9,1.98,140.8,1647.6,1.96,1642.9,0,2,0,2,0,0.48
KPT-LOC-0422,18.74639,82.82344,780.8,6.9,48.7,1605.5,1.15,514.3,1499.1,1.66,536.8,2,5,0,0,1,0.838
KPT-LOC-0423,18.63594,82.60784,943.3,31.2,21.9,1551.6,3.8,641.6,1115.4,1.97,854.5,1,4,0,2,1,0.631
KPT-LOC-0424,18.50249,82.72657,939.9,28.0,4.2,1426.4,1.62,444.8,1234.8,0.33,1893.1,2,4,0,1,0,0.414
KPT-LOC-0425,19.08779,82.85685,768.6,8.7,4.8,1408.0,2.03,580.9,889.8,0.92,216.3,3,2,3,0,1,0.666
KPT-LOC-0426,19.05508,83.18487,926.3,36.2,179.6,1419.4,1.65,304.7,184.6,2.57,1530.5,2,4,3,2,1,0.615
KPT-LOC-0427,18.87305,83.23626,775.9,35.9,154.2,1541.1,3.18,822.6,1713.6,0.7,902.4,0,3,3,2,0,0.487
KPT-LOC-0428,18.82739,83.18479,583.1,28.8,40.0,1489.7,2.63,316.1,1266.6,1.79,1327.4,2,4,1,1,1,0.576
KPT-LOC-0429,19.09613,82.5516,664.1,28.3,135.9,1534.7,2.18,181.3,1719.7,2.95,1567.4,0,1,2,1,1,0.532
KPT-LOC-0430,18.52389,82.84006,1172.0,39.6,323.5,1506.0,0.86,659.3,2379.4,0.45,1831.2,1,3,1,2,0,0.394
KPT-LOC-0431,18.64598,82.84845,1058.7,8.7,310.8,1442.1,1.87,254.6,88.5,1.84,1683.7,1,2,1,0,1,0.631
KPT-LOC-0432,18.77988,82.81478,935.2,27.7,212.5,1588.5,1.61,863.0,2080.4,1.33,431.0,4,3,0,1,1,0.576
KPT-LOC-0433,18.716,82.55881,796.0,41.4,283.3,1424.9,1.56,888.7,1571.0,2.23,50.7,0,2,0,2,1,0.62
KPT-LOC-0434,18.54157,82.63591,1040.3,8.0,217.1,1448.8,1.46,263.7,215.9,1.63,1126.4,0,1,0,0,1,0.617
KPT-LOC-0435,19.036,82.81632,703.7,6.3,115.6,1543.5,2.58,828.6,1225.2,0.26,269.4,0,3,2,0,1,0.663
KPT-LOC-0436,19.00741,83.10924,737.8,7.7,216.9,1473.0,3.48,545.3,2275.7,0.47,486.0,1,3,3,0,1,0.657
KPT-LOC-0437,19.01072,83.3043,705.7,30.9,22.7,1418.4,2.36,203.4,2053.5,3.06,969.9,0,3,2,2,1,0.655
KPT-LOC-0438,18.9107,83.20792,712.9,34.4,186.2,1599.4,3.6,143.1,2339.5,1.19,467.4,0,4,1,2,1,0.604
KPT-LOC-0439,19.08702,82.53595,739.1,29.6,49.3,1534.1,2.17,666.3,720.7,1.87,344.2,0,4,0,1,1,0.66
KPT-LOC-0440,18.60692,82.83755,1165.8,25.7,96.5,1498.8,0.84,816.2,988.2,0.84,1465.3,0,1,3,1,0,0.372
KPT-LOC-0441,18.68296,82.94552,944.7,17.7,336.6,1571.8,1.08,935.1,369.0,0.32,1728.3,1,3,2,0,1,0.561
KPT-LOC-0442,18.66558,82.87847,1079.3,24.8,304.9,1422.1,2.41,610.2,2373.1,1.75,866.4,1,4,1,1,1,0.764
KPT-LOC-0443,18.68204,82.49889,1029.8,5.5,139.3,1465.6,2.65,135.5,2387.8,2.84,349.5,0,1,1,0,1,0.771
KPT-LOC-0444,18.52605,82.64703,1156.7,19.9,96.4,1549.2,3.01,899.7,874.5,2.38,449.0,1,3,1,0,1,0.816
KPT-LOC-0445,19.01332,82.82362,763.0,38.9,130.8,1565.8,2.98,278.8,2208.4,1.89,1958.4,0,3,0,2,0,0.503
KPT-LOC-0446,19.03926,83.17251,1048.5,5.6,75.9,1535.4,2.69,522.8,2049.0,2.2,625.1,1,2,0,0,1,0.748
KPT-LOC-0447,18.88002,83.32412,824.7,3.0,162.3,1435.0,3.29,264.2,1450.5,2.89,1028.0,1,3,1,0,1,0.639
KPT-LOC-0448,18.8053,83.13314,574.9,33.1,20.8,1447.5,2.79,400.6,1056.0,0.2,1877.4,1,4,0,2,0,0.407
KPT-LOC-0449,19.04597,82.59828,699.8,34.9,153.6,1607.0,1.03,722.3,2282.0,1.3,1782.6,1,4,1,2,0,0.514
KPT-LOC-0450,18.52485,82.93834,876.9,18.3,46.8,1586.2,2.92,373.0,97.2,3.09,1882.5,3,1,4,0,1,0.687
KPT-LOC-0451,18.73079,82.89833,955.6,13.3,337.1,1478.3,3.21,297.6,1916.3,0.23,2009.7,0,4,1,0,1,0.565
KPT-LOC-0452,18.68343,82.77419,936.4,25.0,280.0,1411.5,3.76,316.3,1930.8,2.88,473.4,2,3,0,1,1,0.84
KPT-LOC-0453,18.62917,82.59765,710.9,33.4,93.0,1453.6,3.22,200.9,93.8,3.09,181.3,0,1,1,2,1,0.64
KPT-LOC-0454,18.65064,82.73538,956.4,4.1,133.0,1497.4,2.59,883.7,1417.6,2.86,194.2,2,3,2,0,1,0.705
KPT-LOC-0455,19.00896,82.91126,928.8,30.8,324.3,1459.1,3.1,135.1,2479.9,2.73,1941.0,0,5,3,2,1,0.64
KPT-LOC-0456,18.96633,83.04961,811.8,29.2,47.9,1602.7,2.85,152.5,806.2,2.77,1524.4,1,2,3,1,1,0.568
KPT-LOC-0457,18.94928,83.33509,554.2,41.8,244.7,1568.4,3.7,887.3,755.3,2.88,1200.3,0,2,0,2,1,0.598
KPT-LOC-0458,18.91198,83.17578,622.1,35.4,174.6,1544.7,3.46,254.8,2319.1,1.78,832.9,0,5,1,2,1,0.657
KPT-LOC-0459,19.00354,82.57989,627.5,9.4,86.9,1600.7,1.3,104.5,937.4,2.73,1058.6,1,3,4,0,1,0.802
KPT-LOC-0460,18.5279,82.82845,947.5,15.2,252.2,1526.4,1.97,648.0,558.8,0.66,1645.6,1,3,1,0,1,0.59
KPT-LOC-0461,18.62457,82.92671,1131.8,22.0,54.8,1468.8,1.33,202.3,995.9,2.02,333.3,1,4,3,1,1,0.829
KPT-LOC-0462,18.77011,82.81146,809.5,36.8,11.2,1536.4,2.73,93.7,1887.2,0.76,142.7,1,3,4,2,1,0.548
KPT-LOC-0463,18.66142,82.58612,1020.5,21.8,295.6,1452.1,3.33,423.3,1997.8,0.64,840.0,2,3,2,1,1,0.641
KPT-LOC-0464,18.53963,82.65381,1039.3,18.2,45.3,1479.7,3.27,194.1,623.7,1.93,1188.3,1,3,0,0,1,0.719
KPT-LOC-0465,18.97516,82.83354,847.4,18.8,230.3,1412.7,1.31,308.5,464.3,3.08,1694.7,2,4,0,0,1,0.804
KPT-LOC-0466,18.91203,83.14554,1061.0,36.0,142.9,1415.0,2.24,375.7,959.5,2.75,2022.1,1,3,4,2,1,0.553
KPT-LOC-0467,18.88973,83.28093,610.1,11.3,230.9,1476.5,1.92,900.5,1018.0,2.6,1565.4,3,4,1,0,1,0.782
KPT-LOC-0468,18.94442,83.20411,855.7,26.3,28.8,1542.3,2.97,371.8,658.4,3.03,430.6,0,4,2,1,1,0.745
KPT-LOC-0469,19.09403,82.56762,618.4,26.0,346.3,1506.2,3.23,221.1,1565.8,0.73,56.1,1,3,1,1,1,0.55
KPT-LOC-0470,18.51853,82.92215,1109.2,6.2,255.4,1498.2,2.97,839.0,297.1,2.42,1153.3,1,3,0,0,1,0.761
KPT-LOC-0471,18.63387,82.92712,869.1,17.6,154.8,1514.9,2.7,817.2,1306.0,1.23,637.3,0,3,0,0,1,0.708
KPT-LOC-0472,18.79868,82.86612,1048.9,28.5,332.2,1434.1,2.07,840.5,681.8,2.74,1672.8,1,4,0,1,1,0.619
KPT-LOC-0473,18.72906,82.51992,820.3,35.2,234.8,1495.9,2.43,444.1,2481.3,2.46,2084.8,1,3,1,2,1,0.538
KPT-LOC-0474,18.57838,82.744,1059.7,6.9,207.4,1421.2,2.59,794.9,1323.8,2.28,1597.9,0,3,0,0,1,0.71
KPT-LOC-0475,19.10189,82.87093,839.6,15.2,256.5,1472.3,2.69,437.2,947.6,0.62,1535.9,1,4,1,0,1,0.63
KPT-LOC-0476,18.91903,83.06646,1068.1,3.3,323.3,1518.0,3.76,498.4,754.2,1.73,130.7,1,3,2,0,1,0.623
KPT-LOC-0477,18.97967,83.26664,632.9,7.6,207.7,1407.1,0.88,552.5,331.5,1.98,915.9,1,1,1,0,1,0.656
KPT-LOC-0478,18.92698,83.15493,801.9,16.3,348.7,1508.6,3.71,220.0,673.3,2.8,1011.3,1,3,0,0,1,0.802
KPT-LOC-0479,19.00591,82.56838,530.5,29.2,285.8,1569.5,2.77,59.7,237.7,0.78,547.0,3,3,1,1,1,0.523
KPT-LOC-0480,18.53165,82.84176,1184.0,15.9,205.5,1432.3,3.6,491.0,927.1,0.43,553.9,0,2,1,0,1,0.604
KPT-LOC-0481,18.62702,82.81828,814.5,22.4,86.3,1441.6,1.98,32.8,1484.1,2.44,1865.5,4,1,3,1,1,0.624
KPT-LOC-0482,18.66068,82.91842,803.6,19.5,20.8,1400.8,2.93,242.7,2103.0,2.51,1984.3,3,3,1,0,1,0.697
KPT-LOC-0483,18.69276,82.60306,781.7,3.7,101.3,1455.2,2.2,839.7,1191.0,2.02,1427.2,1,2,0,0,0,0.503
KPT-LOC-0484,18.61188,82.64218,1066.5,6.7,286.8,1406.0,3.34,33.4,197.1,0.56,1839.3,0,2,0,0,0,0.516
KPT-LOC-0485,19.07686,82.81158,615.4,22.1,286.6,1446.9,1.54,64.6,2310.2,2.71,1370.1,4,3,3,1,1,0.763
KPT-LOC-0486,18.95518,83.09324,731.9,28.8,272.6,1469.1,0.98,170.3,1833.7,2.39,500.4,4,4,3,1,1,0.683
KPT-LOC-0487,18.98488,83.36426,834.9,28.8,121.5,1451.9,1.85,381.9,1806.2,1.48,977.7,1,2,2,1,0,0.494
KPT-LOC-0488,18.79552,83.15769,561.5,33.1,84.0,1441.6,2.09,406.0,1263.2,1.93,289.1,0,3,1,2,1,0.62
KPT-LOC-0489,19.06923,82.47661,736.2,22.0,319.1,1519.7,2.91,378.4,2385.8,0.52,1858.7,0,1,1,1,0,0.482
KPT-LOC-0490,18.60724,82.89391,870.7,22.8,242.3,1473.0,2.37,678.9,1499.1,0.5,1171.5,0,3,1,1,1,0.608
KPT-LOC-0491,18.67782,82.81633,805.8,25.7,350.7,1594.9,1.47,612.5,596.9,2.47,801.0,0,1,3,1,1,0.558
KPT-LOC-0492,18.68063,82.8787,833.2,4.4,172.2,1543.9,2.47,58.8,1828.6,0.7,2009.3,0,3,3,0,0,0.405
KPT-LOC-0493,18.6276,82.53609,818.3,17.0,329.7,1567.4,2.2,891.9,1510.0,0.6,1163.4,1,2,1,0,1,0.585
KPT-LOC-0494,18.52583,82.78608,1084.5,40.4,214.1,1498.3,2.45,558.4,395.1,2.6,399.5,1,2,2,2,1,0.63
KPT-LOC-0495,19.00537,82.8784,791.2,5.3,44.1,1596.8,1.85,837.0,1203.3,1.61,1073.5,1,3,1,0,1,0.713
KPT-LOC-0496,19.02745,83.14626,923.8,33.3,234.9,1566.6,1.83,574.8,2373.9,1.94,940.8,1,3,0,2,1,0.583
KPT-LOC-0497,18.92992,83.26045,867.9,30.4,340.4,1385.4,1.88,603.0,943.8,2.56,1162.7,0,5,1,2,1,0.678
KPT-LOC-0498,18.89731,83.10681,859.5,38.9,121.8,1442.2,3.31,282.1,2380.9,2.83,1984.7,2,2,0,2,1,0.523
KPT-LOC-0499,19.04805,82.51441,762.1,4.9,64.8,1544.5,2.98,590.2,53.6,2.99,594.5,0,4,1,0,1,0.729
KPT-LOC-0500,18.50431,82.83135,1142.5,40.1,109.8,1486.4,1.56,682.5,2322.8,0.45,1710.9,1,1,0,2,0,0.322
KPT-LOC-0501,18.76113,82.87233,803.3,8.1,203.5,1545.8,2.76,490.0,1975.8,3.09,1163.0,0,4,1,0,1,0.857
KPT-LOC-0502,18.78066,82.78871,788.5,33.0,187.9,1563.1,0.94,450.0,323.3,2.78,1856.1,3,3,1,2,1,0.58
KPT-LOC-0503,18.73691,82.525,785.6,23.9,177.5,1422.6,3.57,344.6,2368.0,2.64,1298.2,1,5,1,1,1,0.841
KPT-LOC-0504,18.56761,82.76541,1162.1,26.5,22.6,1611.0,1.57,186.4,115.1,2.86,38.9,1,3,1,1,1,0.727
KPT-LOC-0505,19.01883,82.85182,786.3,41.7,269.4,1396.7,1.26,659.7,1904.5,1.37,701.7,0,5,2,2,1,0.621
KPT-LOC-0506,18.93453,83.18358,728.6,39.8,318.9,1573.8,2.77,77.8,1341.7,2.18,845.0,4,4,0,2,1,0.65
KPT-LOC-0507,18.90284,83.31673,885.4,25.4,192.2,1387.9,2.26,167.6,2095.1,1.97,195.0,1,4,0,1,1,0.665
KPT-LOC-0508,18.91623,83.26035,862.8,32.4,326.5,1426.4,2.82,414.1,74.2,1.94,178.4,0,1,3,2,1,0.548
KPT-LOC-0509,19.05258,82.56938,737.6,2.7,181.3,1585.5,2.85,75.7,1187.1,1.22,969.8,2,4,2,0,1,0.567
KPT-LOC-0510,18.57846,82.87038,985.1,16.1,267.3,1450.8,1.98,547.1,1545.1,2.52,1949.2,0,3,0,0,1,0.705
KPT-LOC-0511,18.69411,82.87933,807.6,20.6,71.3,1397.3,2.98,94.9,2473.1,2.71,2054.3,0,4,2,1,1,0.751
KPT-LOC-0512,18.70929,82.87827,1081.8,30.3,282.9,1465.4,3.36,932.0,1069.2,2.84,1161.7,1,3,1,2,1,0.628
KPT-LOC-0513,18.68757,82.50512,734.7,30.1,222.2,1417.1,0.96,585.3,422.6,1.6,495.8,0,2,1,2,1,0.536
KPT-LOC-0514,18.62639,82.70393,1026.2,36.8,116.4,1531.9,3.74,233.2,954.3,1.27,156.5,1,3,0,2,1,0.587
KPT-LOC-0515,19.03705,82.9201,809.4,30.5,84.4,1489.4,3.78,937.5,1760.8,3.05,1244.5,0,2,0,2,1,0.6
KPT-LOC-0516,18.93606,83.07371,938.8,41.6,247.3,1608.3,1.72,712.4,1499.3,3.16,963.4,0,3,0,2,1,0.681
KPT-LOC-0517,18.97091,83.38188,698.4,32.2,3.5,1575.2,1.52,865.8,2245.0,0.35,412.2,0,3,1,2,0,0.5
KPT-LOC-0518,18.87177,83.21037,553.9,3.8,184.0,1466.3,2.11,865.3,1271.6,1.78,621.7,1,2,4,0,1,0.546
KPT-LOC-0519,19.08074,82.50783,563.8,17.3,109.4,1614.1,1.37,149.8,1495.3,1.64,1524.1,4,4,4,0,1,0.724
KPT-LOC-0520,18.59571,82.88312,853.0,3.9,172.2,1442.8,2.75,898.3,419.3,1.2,1681.1,2,3,2,0,0,0.458
KPT-LOC-0521,18.77899,82.85793,1013.6,3.2,168.9,1516.0,3.69,153.1,758.2,0.25,1848.1,4,3,1,0,0,0.379
KPT-LOC-0522,18.66891,82.81584,853.6,34.1,210.7,1408.9,2.66,660.9,2096.1,0.74,335.3,1,4,0,2,1,0.561
KPT-LOC-0523,18.6846,82.58699,953.3,35.4,259.9,1449.1,1.19,749.3,507.9,0.88,547.5,4,4,1,2,1,0.559
KPT-LOC-0524,18.6324,82.78087,1074.8,3.0,186.0,1571.5,3.3,423.6,117.9,2.29,2054.5,0,2,1,0,0,0.492
KPT-LOC-0525,19.06276,82.85171,647.8,15.9,280.5,1567.0,2.14,338.1,2476.7,2.99,181.9,0,3,0,0,1,0.885
KPT-LOC-0526,18.97396,83.08964,942.0,2.7,300.2,1590.1,1.99,878.8,1215.7,3.11,325.6,1,3,0,0,1,0.723
KPT-LOC-0527,18.9265,83.31993,766.9,32.2,245.4,1473.7,1.33,462.8,1611.9,0.76,1959.5,2,3,0,2,0,0.406
KPT-LOC-0528,18.83465,83.11776,723.9,36.4,95.6,1519.4,1.06,744.1,137.8,2.48,794.0,2,4,4,2,1,0.672
KPT-LOC-0529,19.0593,82.56594,513.5,17.3,340.2,1546.8,1.12,869.2,854.0,1.58,682.1,4,4,0,0,1,0.776
KPT-LOC-0530,18.55788,82.80889,971.9,23.5,328.1,1592.5,3.46,409.1,149.5,1.64,1468.9,2,3,1,1,1,0.686
KPT-LOC-0531,18.7688,82.85173,1050.1,10.2,255.5,1616.1,3.72,233.2,205.2,0.65,503.5,1,2,1,0,1,0.642
KPT-LOC-0532,18.78923,82.79086,834.5,2.7,297.0,1440.3,1.19,838.1,1291.5,1.88,53.8,2,3,1,0,1,0.633
KPT-LOC-0533,18.70817,82.63308,914.6,8.2,128.9,1477.8,1.44,94.3,1056.5,0.41,1688.8,1,3,2,0,1,0.563
KPT-LOC-0534,18.53541,82.75424,1166.8,4.6,124.2,1552.2,2.49,602.6,659.4,2.94,477.1,0,2,2,0,1,0.655
KPT-LOC-0535,19.08124,82.83013,722.6,21.6,216.1,1453.0,3.36,197.5,360.5,2.85,1933.0,0,5,1,1,1,0.813
KPT-LOC-0536,19.05904,83.13059,896.3,10.9,100.2,1475.3,1.26,855.0,2134.0,1.45,578.4,0,4,2,0,1,0.767
KPT-LOC-0537,18.96471,83.24496,664.5,9.8,156.4,1527.4,1.72,506.7,939.1,0.78,1661.1,0,3,0,0,1,0.598
KPT-LOC-0538,18.8955,83.12957,781.7,9.2,162.9,1452.1,2.02,883.6,1608.2,1.28,1694.5,0,1,0,0,1,0.547
KPT-LOC-0539,19.05347,82.60007,544.6,30.9,10.7,1580.9,1.59,588.3,54.9,1.03,660.1,0,5,2,2,1,0.615
KPT-LOC-0540,18.60792,82.86164,1098.2,40.4,20.4,1565.7,1.09,949.6,983.0,1.35,1208.1,4,3,0,2,0,0.517
KPT-LOC-0541,18.75332,82.81495,1070.0,39.6,289.7,1485.5,2.79,896.4,762.8,1.4,1933.5,2,1,0,2,0,0.38
KPT-LOC-0542,18.71509,82.84289,1021.8,18.6,233.9,1576.5,3.4,403.9,235.1,2.82,636.7,0,2,2,0,1,0.798
KPT-LOC-0543,18.73897,82.61503,869.7,38.7,122.8,1394.9,3.76,128.0,2112.8,0.31,76.9,1,2,0,2,0,0.465
KPT-LOC-0544,18.61138,82.65202,1136.6,30.2,17.9,1433.3,2.17,336.5,1148.1,2.08,51.0,1,3,3,2,1,0.649
KPT-LOC-0545,19.05674,82.81609,744.2,31.7,296.1,1521.5,2.71,650.9,2036.4,1.34,1874.3,2,2,0,2,0,0.422
KPT-LOC-0546,19.0544,83.11809,740.0,18.3,357.3,1458.9,1.19,334.3,1477.2,0.7,399.2,1,1,1,0,1,0.6
KPT-LOC-0547,18.93035,83.38879,693.2,10.0,216.2,1603.1,2.28,532.5,1895.9,2.78,2093.9,3,3,1,0,1,0.736
KPT-LOC-0548,18.84175,83.21008,573.4,38.5,141.7,1429.8,3.67,803.4,1478.9,0.4,1295.8,2,2,0,2,0,0.384
KPT-LOC-0549,19.07086,82.47577,606.3,3.5,318.7,1439.9,1.45,263.4,2117.1,1.23,888.0,1,3,0,0,1,0.52
KPT-LOC-0550,18.62208,82.86132,1038.0,15.4,322.1,1454.3,3.08,438.9,559.6,3.2,1548.0,1,3,2,0,1,0.789
KPT-LOC-0551,18.67194,82.94355,826.9,22.4,105.6,1613.6,1.98,725.0,1987.7,1.58,875.4,1,3,1,1,1,0.727
KPT-LOC-0552,18.71796,82.89888,972.5,16.4,235.6,1423.3,2.64,394.9,1893.7,1.78,275.2,1,4,2,0,1,0.81
KPT-LOC-0553,18.64414,82.60564,737.0,26.2,177.0,1497.7,2.16,510.9,436.3,2.77,1681.1,0,2,0,1,1,0.547
KPT-LOC-0554,18.5122,82.77441,846.8,24.2,335.7,1534.8,1.4,241.6,254.6,1.21,817.6,1,1,0,1,1,0.616
KPT-LOC-0555,19.02518,82.89139,762.6,7.3,127.9,1534.8,2.88,730.0,807.6,2.67,727.7,0,2,1,0,1,0.776
KPT-LOC-0556,18.93787,83.16111,1051.6,4.1,42.5,1469.3,1.11,173.3,199.4,0.81,2026.0,1,4,2,0,0,0.446
KPT-LOC-0557,18.91609,83.35673,661.0,34.5,271.8,1531.1,1.97,787.0,1266.6,0.59,895.2,2,1,0,2,0,0.398
KPT-LOC-0558,18.94025,83.15643,647.2,36.7,142.1,1599.0,2.75,625.9,2451.4,0.36,1277.3,0,2,3,2,0,0.398
KPT-LOC-0559,19.10536,82.61799,812.0,19.6,314.1,1447.2,1.59,343.6,1708.9,1.02,1995.5,2,3,0,0,1,0.584
KPT-LOC-0560,18.61365,82.8209,955.6,34.7,15.6,1493.1,1.19,717.9,1556.5,1.37,1611.0,2,5,0,2,1,0.562
KPT-LOC-0561,18.6833,82.80184,833.5,20.0,220.9,1600.8,2.82,768.6,643.1,1.82,849.2,0,3,2,0,1,0.747
KPT-LOC-0562,18.79515,82.76716,1114.3,15.6,255.1,1498.2,2.78,50.1,799.1,3.02,517.6,2,3,1,0,1,0.856
KPT-LOC-0563,18.72089,82.52393,757.0,30.4,9.7,1579.9,1.48,826.2,432.1,2.76,108.7,2,5,3,2,1,0.792
KPT-LOC-0564,18.60842,82.64714,849.0,14.7,238.0,1431.8,1.12,534.4,312.1,2.25,1951.0,0,3,4,0,1,0.682
KPT-LOC-0565,19.07052,82.8913,749.0,2.4,44.9,1603.3,2.18,45.3,444.0,2.37,2045.0,1,4,1,0,1,0.581
KPT-LOC-0566,19.02632,83.17888,870.3,27.1,178.0,1484.3,3.61,33.8,565.4,1.84,189.3,1,2,1,1,1,0.584
KPT-LOC-0567,18.94476,83.2312,554.4,36.6,242.8,1564.8,1.78,383.9,633.5,1.26,503.1,2,5,1,2,1,0.643
KPT-LOC-0568,18.85115,83.15716,568.6,22.1,318.7,1435.6,1.91,772.3,1766.2,1.82,576.5,0,1,2,1,1,0.672
KPT-LOC-0569,19.07052,82.6255,532.9,29.0,169.9,1576.7,1.31,109.6,1437.9,0.38,395.3,3,2,1,1,0,0.463
KPT-LOC-0570,18.51508,82.89455,1193.8,13.7,54.4,1399.9,1.49,390.7,2102.3,2.88,682.0,0,3,0,0,1,0.824
KPT-LOC-0571,18.74032,82.88282,1130.1,41.1,263.0,1588.2,1.4,917.6,318.2,0.37,1187.6,0,5,0,2,1,0.525
KPT-LOC-0572,18.79705,82.77686,850.5,12.9,261.3,1468.6,3.67,517.4,2277.8,2.27,1797.9,2,4,1,0,1,0.738
KPT-LOC-0573,18.73444,82.59923,1004.9,2.9,344.0,1483.6,1.52,547.6,179.2,1.7,102.8,0,1,0,0,1,0.54
KPT-LOC-0574,18.57654,82.66665,1053.4,21.4,110.6,1403.5,2.9,36.9,194.2,1.21,381.2,1,3,2,1,1,0.716
KPT-LOC-0575,19.00094,82.89347,648.7,25.6,324.5,1428.8,1.98,425.7,103.4,0.78,1919.2,1,4,1,1,0,0.446
KPT-LOC-0576,18.98181,83.15836,1040.2,9.0,215.6,1433.6,3.58,805.1,598.4,1.21,2090.2,1,4,1,0,1,0.637
KPT-LOC-0577,18.88972,83.28599,835.7,8.6,220.8,1577.3,1.22,824.2,1732.7,0.61,413.7,3,3,1,0,1,0.683
KPT-LOC-0578,18.92955,83.14929,548.1,17.4,248.2,1468.8,1.93,108.4,464.1,2.92,2085.5,0,2,0,0,1,0.694
KPT-LOC-0579,19.01021,82.57976,596.3,39.8,52.3,1523.7,2.53,738.1,2332.0,1.07,739.1,0,4,1,2,1,0.567
KPT-LOC-0580,18.61527,82.80247,1174.8,29.5,154.0,1388.6,0.93,785.2,1777.3,0.83,1780.3,2,3,2,1,0,0.417
KPT-LOC-0581,18.72085,82.82006,811.7,19.8,28.3,1458.7,1.6,599.0,2229.2,0.89,1816.2,2,2,1,0,1,0.548
KPT-LOC-0582,18.69603,82.77429,822.9,24.5,20.2,1523.2,1.47,589.3,813.4,0.52,2060.5,3,3,2,1,1,0.552
KPT-LOC-0583,18.61334,82.50035,732.5,23.8,112.9,1588.6,1.95,853.5,727.3,2.84,1595.1,3,3,0,1,1,0.77
KPT-LOC-0584,18.59419,82.66278,957.9,22.3,242.5,1533.6,2.01,18.3,490.9,2.0,463.8,2,4,0,1,1,0.823
KPT-LOC-0585,19.04013,82.85572,752.7,13.9,229.5,1453.2,2.12,286.5,1865.7,2.94,1522.9,0,4,0,0,1,0.81
KPT-LOC-0586,18.93203,83.19056,913.1,19.5,281.4,1596.5,1.59,778.7,1807.6,0.4,1308.8,0,2,2,0,1,0.561
KPT-LOC-0587,18.9191,83.26962,715.3,22.6,170.0,1394.4,2.96,442.8,2132.2,2.47,1867.4,3,3,0,1,1,0.702
KPT-LOC-0588,18.81359,83.24497,747.0,39.9,176.4,1523.7,2.46,882.2,468.0,1.53,1943.6,1,4,0,2,0,0.512
KPT-LOC-0589,18.9843,82.54009,613.9,36.7,179.7,1535.3,2.58,575.0,2351.7,0.4,814.7,0,2,4,2,0,0.43
KPT-LOC-0590,18.51979,82.93224,870.3,28.8,311.2,1569.6,0.92,717.3,1713.6,1.03,1567.5,1,3,1,1,0,0.466
KPT-LOC-0591,18.75856,82.84519,1058.3,13.3,162.5,1534.8,2.77,261.0,503.6,1.47,101.9,1,3,4,0,1,0.769
KPT-LOC-0592,18.66003,82.92218,1083.6,20.1,354.8,1553.0,0.97,900.8,1871.6,1.62,1725.0,1,1,0,1,1,0.581
KPT-LOC-0593,18.6022,82.62667,703.6,32.4,68.8,1522.8,2.73,193.1,566.2,2.63,1462.4,3,5,0,2,1,0.674
KPT-LOC-0594,18.60337,82.7773,1100.6,10.7,193.6,1544.7,1.32,614.3,749.1,0.63,1439.5,1,3,2,0,1,0.604
KPT-LOC-0595,18.99657,82.86053,678.0,18.4,137.1,1524.5,1.0,45.9,1928.1,1.63,544.8,2,3,1,0,1,0.747
KPT-LOC-0596,19.01015,83.19334,754.5,2.5,329.2,1578.5,2.63,690.1,2282.3,0.58,208.4,3,2,1,0,0,0.493
KPT-LOC-0597,19.00922,83.24734,880.2,28.2,201.8,1380.6,1.08,68.9,2251.5,2.45,2096.0,0,2,2,1,0,0.486
KPT-LOC-0598,18.80098,83.21244,698.8,35.6,285.7,1394.5,2.06,530.2,1544.3,1.86,1830.0,1,3,2,2,0,0.495
KPT-LOC-0599,19.01057,82.52064,683.3,39.5,97.2,1419.1,1.75,113.6,1498.0,2.24,478.8,0,5,2,2,1,0.708
KPT-LOC-0600,18.5782,82.80432,1080.1,30.7,169.1,1436.1,3.15,251.3,301.5,1.28,1839.5,4,2,0,2,0,0.413
KPT-LOC-0601,18.73936,82.91532,1021.7,22.6,212.4,1585.4,1.41,534.0,1659.4,0.79,1900.0,0,3,0,1,1,0.586
KPT-LOC-0602,18.71244,82.91981,782.1,35.6,150.9,1538.2,3.04,827.8,1234.7,0.48,1006.3,0,3,0,2,0,0.462
KPT-LOC-0603,18.62044,82.57011,695.9,22.1,37.8,1494.4,3.05,746.7,2369.6,1.66,175.1,1,3,0,1,1,0.775
KPT-LOC-0604,18.62758,82.74814,1023.0,34.2,46.7,1570.7,1.18,396.0,2312.1,2.81,1572.4,1,4,3,2,1,0.645
KPT-LOC-0605,19.02168,82.80828,904.3,38.4,230.4,1588.4,2.17,29.1,1418.7,2.92,1355.0,1,3,2,2,1,0.631
KPT-LOC-0606,18.99139,83.15206,788.6,2.7,232.1,1535.7,3.76,647.2,579.8,2.82,1793.9,0,4,1,0,1,0.625
KPT-LOC-0607,18.98162,83.30137,565.5,11.1,37.0,1424.8,3.03,365.1,2405.5,2.98,739.0,1,3,1,0,1,0.829
KPT-LOC-0608,18.91655,83.14546,664.5,35.7,228.6,1420.4,2.1,561.4,1946.6,2.35,1761.1,3,5,3,2,1,0.621
KPT-LOC-0609,19.10085,82.52822,854.3,34.8,213.3,1419.8,2.04,227.3,1168.5,0.32,1676.0,2,1,1,2,0,0.308
KPT-LOC-0610,18.64466,82.91254,1107.2,5.4,218.6,1511.9,3.48,800.8,114.8,2.46,1621.7,0,3,1,0,1,0.731
KPT-LOC-0611,18.67061,82.93915,806.7,38.7,109.2,1503.7,3.13,453.3,504.7,3.17,1664.8,1,3,2,2,1,0.619
KPT-LOC-0612,18.68077,82.87502,883.5,32.6,204.0,1548.8,1.52,864.6,1279.0,1.36,1340.6,1,5,2,2,1,0.587
KPT-LOC-0613,18.68123,82.57009,923.2,28.6,338.6,1478.3,2.23,784.6,316.7,2.68,660.1,0,3,0,1,1,0.654
KPT-LOC-0614,18.5632,82.66228,986.0,10.6,117.8,1514.1,1.59,825.4,455.8,0.29,576.7,1,3,3,0,1,0.64
KPT-LOC-0615,19.101,82.79249,619.9,35.2,40.8,1391.2,2.98,299.6,1301.1,1.65,218.9,0,3,1,2,1,0.598
KPT-LOC-0616,19.0478,83.14194,863.3,33.7,194.9,1526.1,1.71,807.3,1263.2,0.61,1869.2,2,5,0,2,0,0.486
KPT-LOC-0617,18.88503,83.2759,647.3,24.2,142.8,1605.8,2.9,602.8,733.5,0.98,354.1,1,4,3,1,1,0.759
KPT-LOC-0618,18.93127,83.13828,687.3,28.9,359.6,1385.9,3.45,740.4,2274.5,0.67,441.6,1,5,0,1,1,0.585
KPT-LOC-0619,18.98962,82.53126,819.3,2.9,83.5,1543.8,2.93,346.8,870.4,0.77,1787.9,3,3,1,0,0,0.427
KPT-LOC-0620,18.60956,82.81351,856.4,5.3,349.3,1427.1,1.79,797.7,1203.3,3.17,981.3,0,3,1,0,1,0.826
KPT-LOC-0621,18.62636,82.86255,1120.6,24.0,82.2,1615.5,3.78,439.9,452.7,0.51,433.7,4,4,0,1,1,0.717
KPT-LOC-0622,18.73512,82.84691,923.2,12.3,197.2,1476.9,1.41,943.3,1967.3,2.6,797.5,0,1,2,0,1,0.72
KPT-LOC-0623,18.61056,82.53618,889.0,39.2,264.5,1395.4,1.36,661.8,1514.9,1.5,681.7,1,2,0,2,0,0.512
KPT-LOC-0624,18.55591,82.66092,1151.3,12.9,190.4,1518.7,2.21,879.3,594.8,1.88,685.7,2,1,1,0,1,0.676
KPT-LOC-0625,18.99534,82.87808,681.8,12.8,181.3,1420.8,2.61,566.6,114.5,2.37,1613.8,2,3,0,0,1,0.716
KPT-LOC-0626,18.96346,83.06297,837.6,24.9,290.9,1592.3,2.39,214.1,547.3,2.97,656.6,0,4,4,1,1,0.89
KPT-LOC-0627,18.90937,83.34378,731.0,23.7,18.3,1512.9,2.63,733.7,202.4,0.74,854.8,3,4,0,1,1,0.694
KPT-LOC-0628,18.8723,83.26382,808.0,5.3,9.2,1380.6,2.91,149.9,983.0,2.14,483.5,3,3,2,0,1,0.779
KPT-LOC-0629,19.09039,82.50939,533.6,3.3,232.3,1443.9,0.85,165.5,2012.0,1.81,442.2,3,1,0,0,0,0.519
KPT-LOC-0630,18.5742,82.83879,1101.8,17.6,167.9,1552.7,3.79,111.9,1844.8,1.36,1361.1,2,4,4,0,1,0.708
KPT-LOC-0631,18.63409,82.84913,964.0,13.7,157.3,1534.2,1.34,903.6,2329.5,2.08,559.3,2,3,0,0,1,0.783
KPT-LOC-0632,18.76394,82.90655,967.6,11.4,260.6,1613.6,2.63,919.3,1652.0,3.19,150.0,0,4,0,0,1,0.948
KPT-LOC-0633,18.68482,82.54616,852.3,19.8,249.9,1385.8,1.21,312.1,315.8,2.18,1104.4,2,2,0,0,1,0.696
KPT-LOC-0634,18.50492,82.69503,891.4,16.4,230.2,1593.8,1.4,90.3,1964.2,3.08,388.3,1,3,1,0,1,0.879
KPT-LOC-0635,18.99878,82.85659,907.5,28.5,182.5,1604.5,3.15,370.3,1746.3,2.42,1099.0,2,3,0,1,1,0.613
KPT-LOC-0636,18.91436,83.19253,946.4,35.3,185.3,1382.2,1.04,183.5,1210.8,3.14,1224.5,3,4,2,2,1,0.679
KPT-LOC-0637,18.99948,83.33277,669.8,36.7,14.1,1581.9,0.91,18.6,501.2,0.78,546.7,1,3,0,2,1,0.524
KPT-LOC-0638,18.89846,83.23038,630.2,12.9,52.4,1476.3,2.95,192.9,1661.0,1.68,177.7,0,1,0,0,1,0.695
KPT-LOC-0639,19.05271,82.4747,710.7,35.7,151.2,1390.8,0.83,212.0,1053.2,1.68,1874.9,1,5,4,2,1,0.557
KPT-LOC-0640,18.59667,82.9412,1058.2,38.5,218.2,1443.3,0.97,420.1,2201.2,1.98,1694.0,2,3,0,2,0,0.519
KPT-LOC-0641,18.65868,82.88113,1088.6,7.3,324.9,1480.0,2.83,590.7,909.3,1.05,1400.3,1,1,3,0,1,0.554
KPT-LOC-0642,18.80333,82.84631,1000.1,4.6,64.8,1481.3,2.53,201.2,1717.1,1.22,744.8,0,3,2,0,1,0.534
KPT-LOC-0643,18.6332,82.595,1015.7,26.9,99.7,1474.5,1.22,25.2,1359.9,2.91,1469.0,1,2,0,1,1,0.571
KPT-LOC-0644,18.58547,82.70896,971.4,9.3,87.8,1525.9,1.13,116.3,406.2,2.4,1578.2,0,3,0,0,1,0.731
KPT-LOC-0645,19.07255,82.82818,822.2,36.4,139.4,1542.5,1.55,74.4,926.3,0.7,1950.7,0,3,0,2,0,0.408
KPT-LOC-0646,18.91998,83.18024,955.9,16.9,54.5,1581.3,1.13,364.5,1101.6,0.51,1881.4,0,1,0,0,0,0.485
KPT-LOC-0647,19.00458,83.34506,705.0,35.3,110.2,1573.2,3.38,159.6,285.4,2.16,496.0,0,2,2,2,1,0.595
KPT-LOC-0648,18.83424,83.16316,815.6,10.4,292.7,1530.6,3.52,864.2,2085.7,1.58,1144.6,1,2,2,0,1,0.659
KPT-LOC-0649,19.07209,82.49898,773.1,32.1,47.0,1482.9,3.78,928.0,594.2,2.19,1752.8,0,1,0,2,0,0.454
KPT-LOC-0650,18.64851,82.86272,1002.2,22.7,193.3,1596.9,2.93,246.2,2183.8,0.56,387.7,0,2,0,1,1,0.643
KPT-LOC-0651,18.65417,82.94097,1128.4,22.2,163.0,1444.5,1.17,191.5,1895.3,2.41,935.9,3,1,1,1,1,0.692
KPT-LOC-0652,18.66772,82.7824,789.9,29.0,126.3,1460.5,3.64,878.1,216.1,1.83,240.8,0,4,0,1,1,0.657
KPT-LOC-0653,18.72876,82.55131,866.8,28.0,255.3,1389.7,3.37,891.4,1129.9,2.09,353.4,1,2,0,1,1,0.583
KPT-LOC-0654,18.51751,82.68072,1055.7,2.4,143.2,1579.8,2.61,277.2,1753.1,2.5,862.8,1,1,0,0,1,0.554
KPT-LOC-0655,19.02444,82.77931,865.2,15.3,47.8,1563.2,3.34,944.9,359.5,0.85,430.5,2,2,1,0,1,0.659
KPT-LOC-0656,18.94556,83.13325,991.2,25.5,140.6,1505.1,1.44,594.6,1734.8,0.94,1776.2,1,1,1,1,0,0.357
KPT-LOC-0657,18.9178,83.26927,690.6,22.8,196.6,1389.8,2.28,565.2,816.9,3.17,1164.8,1,3,2,1,1,0.809
KPT-LOC-0658,18.91979,83.17716,785.5,22.1,92.0,1539.9,1.04,889.9,1500.1,0.6,1580.1,1,2,1,1,1,0.551
KPT-LOC-0659,19.02332,82.52185,538.5,37.4,280.3,1424.2,0.97,596.4,2265.2,0.27,393.7,1,3,1,2,0,0.481
KPT-LOC-0660,18.58671,82.83647,1044.7,6.4,237.0,1473.6,1.9,740.6,98.7,0.72,198.1,1,2,0,0,1,0.658
KPT-LOC-0661,18.68482,82.83419,808.6,32.6,330.5,1488.3,1.77,724.5,2243.4,2.86,591.2,0,3,1,2,1,0.675
KPT-LOC-0662,18.7593,82.85092,923.5,35.5,119.6,1504.2,3.61,368.7,369.5,0.72,1666.9,4,3,4,2,0,0.428
KPT-LOC-0663,18.60921,82.5933,807.6,34.0,321.2,1566.7,3.02,195.1,1144.7,1.0,433.2,0,1,3,2,0,0.468
KPT-LOC-0664,18.57204,82.71455,1135.3,30.8,221.1,1586.3,2.24,907.1,1635.7,0.98,1181.1,2,4,1,2,1,0.532
KPT-LOC-0665,19.10123,82.84544,824.5,31.5,208.5,1393.4,3.25,655.4,1868.0,1.63,525.3,3,4,0,2,1,0.615
KPT-LOC-0666,18.9457,83.09459,1064.8,34.7,199.8,1519.9,3.64,851.2,1387.4,3.0,80.3,3,4,0,2,1,0.767
KPT-LOC-0667,18.99872,83.37441,770.1,33.8,215.2,1448.0,0.81,920.9,2261.2,2.5,544.5,0,3,2,2,1,0.646
KPT-LOC-0668,18.93674,83.12048,725.3,10.3,155.7,1428.6,0.8,249.9,1075.1,0.98,217.0,0,5,1,0,1,0.793
KPT-LOC-0669,19.11198,82.49087,715.0,26.8,254.3,1558.1,1.99,921.2,1333.5,2.23,1842.4,0,3,0,1,1,0.538
KPT-LOC-0670,18.52988,82.95782,885.3,35.7,146.9,1597.4,2.17,474.4,1533.7,0.69,1855.3,3,2,1,2,0,0.38
KPT-LOC-0671,18.63809,82.81448,877.5,32.0,157.5,1557.7,2.8,145.1,426.7,2.87,1741.6,0,3,2,2,1,0.595
KPT-LOC-0672,18.66222,82.8752,780.4,33.9,355.0,1460.8,1.01,888.4,1386.8,0.26,2031.0,0,3,0,2,0,0.363
KPT-LOC-0673,18.58804,82.50388,963.6,21.8,75.5,1527.0,3.07,901.0,1780.2,0.74,1317.7,1,3,0,1,1,0.62
KPT-LOC-0674,18.59451,82.74792,1107.0,21.3,213.0,1515.7,1.25,700.1,2294.7,0.27,99.8,1,1,1,1,1,0.594
KPT-LOC-0675,19.04791,82.84163,767.0,24.8,64.5,1618.1,1.37,852.5,1331.6,1.07,601.0,0,3,0,1,1,0.708
KPT-LOC-0676,18.93195,83.13544,824.0,33.6,63.7,1586.7,2.35,434.3,1927.6,1.48,184.1,0,3,1,2,1,0.606
KPT-LOC-0677,18.89554,83.25676,551.4,30.1,125.7,1418.7,2.79,561.3,1256.7,3.19,1165.8,1,2,0,2,1,0.611
KPT-LOC-0678,18.93254,83.11131,797.0,18.0,70.7,1555.2,1.98,195.9,1400.4,1.9,2034.9,1,2,0,0,1,0.622
KPT-LOC-0679,19.09454,82.49734,576.1,28.0,289.9,1448.0,2.33,259.7,1857.4,0.3,1641.1,1,4,4,1,0,0.432
KPT-LOC-0680,18.61395,82.90859,903.4,37.1,57.7,1426.1,2.51,61.8,1224.3,1.94,689.9,0,5,0,2,1,0.669
KPT-LOC-0681,18.65631,82.8255,1074.4,16.4,34.2,1494.4,2.16,341.5,349.2,2.66,143.6,2,3,1,0,1,0.855
KPT-LOC-0682,18.76847,82.79567,984.3,23.1,131.4,1549.8,1.84,635.5,1489.7,2.48,1118.3,3,2,1,1,1,0.733
KPT-LOC-0683,18.60571,82.51493,823.6,9.1,248.9,1395.2,3.11,283.7,555.6,0.42,1583.7,3,2,0,0,1,0.523
KPT-LOC-0684,18.63835,82.65855,1112.1,22.9,266.9,1544.2,2.59,246.1,2026.1,2.02,833.4,0,4,2,1,1,0.798
KPT-LOC-0685,18.96531,82.81191,928.7,35.3,226.7,1458.6,2.01,28.3,2344.8,2.43,1452.7,0,4,1,2,1,0.613
KPT-LOC-0686,18.92232,83.19029,870.8,29.9,61.7,1406.6,2.65,257.7,2131.1,0.73,1219.1,2,4,1,1,0,0.494
KPT-LOC-0687,18.921,83.38643,635.9,23.3,30.2,1401.9,3.46,308.6,907.5,1.64,376.3,3,3,0,1,1,0.75
KPT-LOC-0688,18.88079,83.20827,563.7,36.2,155.3,1509.0,2.98,357.0,788.2,0.45,545.1,2,2,0,2,0,0.451
KPT-LOC-0689,19.0514,82.58712,645.0,34.5,79.5,1541.7,1.71,96.4,1029.6,2.99,1990.0,1,3,1,2,1,0.585
KPT-LOC-0690,18.52253,82.87577,860.7,28.0,165.8,1533.2,1.94,523.6,2472.4,2.31,1687.5,1,1,0,1,0,0.473
KPT-LOC-0691,18.666,82.93983,1017.1,20.7,356.6,1551.0,3.68,360.7,774.7,1.06,725.0,1,4,3,1,1,0.732
KPT-LOC-0692,18.74261,82.90514,876.9,22.2,83.7,1607.8,1.57,399.9,2021.8,0.6,1457.8,1,3,0,1,1,0.606
KPT-LOC-0693,18.60534,82.61926,882.1,4.4,283.3,1601.3,3.38,301.2,88.9,0.97,1619.5,0,3,1,0,0,0.46
KPT-LOC-0694,18.64923,82.69019,826.0,40.1,178.8,1498.8,1.11,43.7,1785.7,2.57,2017.1,0,3,0,2,1,0.547
KPT-LOC-0695,19.04845,82.82962,818.0,31.9,237.0,1613.9,2.71,890.0,72.7,1.86,1452.6,1,5,0,2,1,0.623
KPT-LOC-0696,18.92027,83.1456,793.4,26.8,184.7,1514.8,2.66,638.3,1952.3,1.26,327.7,1,2,4,1,1,0.531
KPT-LOC-0697,18.97443,83.35103,742.5,27.3,263.9,1497.5,1.65,738.2,1283.6,2.79,1820.7,0,3,0,1,1,0.577
KPT-LOC-0698,18.88906,83.25911,849.9,30.6,267.8,1562.1,3.73,565.3,1648.2,1.48,161.7,0,3,3,2,1,0.606
KPT-LOC-0699,18.95481,82.54717,588.3,34.5,150.5,1453.5,1.85,189.2,992.5,2.63,95.4,1,3,2,2,1,0.691
KPT-LOC-0700,18.64565,82.83472,884.9,31.2,52.7,1499.6,2.31,553.0,348.2,1.01,1833.0,2,4,1,2,0,0.478
KPT-LOC-0701,18.6598,82.85786,975.6,12.4,59.2,1501.6,1.91,625.2,309.2,1.65,1166.6,1,5,3,0,1,0.78
KPT-LOC-0702,18.70621,82.87177,1061.9,32.8,51.7,1548.8,2.46,644.8,2007.2,3.12,377.8,1,4,1,2,1,0.757
KPT-LOC-0703,18.64034,82.48807,803.7,26.6,215.4,1433.4,0.93,705.7,769.9,0.86,392.8,0,5,0,1,1,0.608
KPT-LOC-0704,18.549,82.67318,1028.6,11.6,83.2,1422.6,3.55,908.9,1420.3,1.84,765.6,0,5,2,0,1,0.818
KPT-LOC-0705,19.10436,82.81516,923.5,34.4,246.1,1412.9,1.65,507.2,2112.6,3.17,138.4,1,1,1,2,1,0.646
KPT-LOC-0706,18.92857,83.137,815.5,21.2,55.9,1601.0,2.29,646.9,2189.5,1.37,857.7,1,5,0,1,1,0.791
KPT-LOC-0707,18.94365,83.37933,667.2,23.9,79.1,1457.6,2.15,319.0,1938.2,2.7,648.2,0,3,1,1,1,0.817
KPT-LOC-0708,18.89047,83.20538,593.5,36.4,182.8,1491.1,1.84,833.6,2238.9,0.5,1708.9,2,3,0,2,0,0.406
KPT-LOC-0709,18.9836,82.49856,662.5,8.6,87.8,1613.7,1.65,321.4,853.9,1.37,286.9,0,4,0,0,1,0.795
KPT-LOC-0710,18.55004,82.80675,860.9,40.3,127.6,1403.7,0.87,555.9,373.0,0.61,390.8,0,2,1,2,0,0.465
KPT-LOC-0711,18.74243,82.86874,861.8,33.9,323.9,1586.9,1.3,722.9,1949.3,1.53,312.9,0,3,0,2,1,0.6
KPT-LOC-0712,18.71943,82.84066,1039.2,17.0,11.1,1431.2,2.32,16.1,662.5,2.67,644.2,0,3,1,0,1,0.813
KPT-LOC-0713,18.61039,82.5133,923.4,27.1,47.7,1424.9,1.91,97.9,1670.6,0.82,1211.5,0,3,2,1,0,0.462
KPT-LOC-0714,18.53602,82.78407,952.9,27.4,123.2,1417.7,3.61,908.9,1796.7,0.46,1017.0,0,3,2,1,0,0.448
KPT-LOC-0715,18.99827,82.89107,890.0,7.2,36.6,1599.8,1.84,254.1,2384.7,0.84,1620.0,0,3,4,0,1,0.613
KPT-LOC-0716,18.92808,83.08891,784.7,27.8,239.2,1480.9,0.89,583.9,765.4,0.36,1872.7,1,4,2,1,0,0.422
KPT-LOC-0717,18.91274,83.32959,653.7,29.9,286.2,1595.7,2.22,702.1,1074.0,0.94,1655.0,0,2,3,1,0,0.415
KPT-LOC-0718,18.87734,83.21896,536.6,15.1,125.6,1414.3,1.44,402.0,135.5,0.67,1203.2,1,2,1,0,1,0.573
KPT-LOC-0719,19.06669,82.61782,789.2,3.6,164.8,1595.0,1.37,941.1,2423.1,1.82,622.8,1,1,0,0,1,0.521
KPT-LOC-0720,18.63952,82.83331,884.4,41.1,56.9,1421.1,2.73,45.3,2263.8,1.88,590.0,0,3,1,2,1,0.592
KPT-LOC-0721,18.7512,82.91858,1061.5,9.8,141.9,1513.2,2.93,821.7,518.8,0.79,1534.6,3,1,1,0,1,0.527
KPT-LOC-0722,18.68131,82.79844,800.8,30.2,22.8,1404.5,1.91,606.6,342.4,0.71,880.2,2,2,0,2,0,0.437
KPT-LOC-0723,18.72819,82.55102,926.1,32.6,305.1,1382.5,1.06,687.7,1031.4,0.65,1626.2,0,2,0,2,0,0.375
KPT-LOC-0724,18.57386,82.70717,1137.7,16.1,358.2,1423.5,1.29,682.2,2419.5,1.18,73.7,3,3,1,0,1,0.739
KPT-LOC-0725,19.06168,82.83675,652.8,3.7,82.8,1461.1,1.41,561.0,1949.3,2.55,1540.2,1,5,3,0,1,0.657
KPT-LOC-0726,18.97245,83.04962,870.8,40.9,77.8,1406.6,2.94,467.0,2245.6,1.32,100.3,2,3,2,2,1,0.584
KPT-LOC-0727,18.89768,83.26836,874.4,2.4,278.5,1445.4,2.13,750.0,829.0,2.63,863.3,4,2,1,0,1,0.592
KPT-LOC-0728,18.94073,83.16262,573.5,4.8,92.4,1470.1,3.74,38.0,1530.2,0.48,737.0,0,2,3,0,0,0.436
KPT-LOC-0729,19.07033,82.53439,676.1,15.8,269.1,1452.2,2.75,443.3,2106.3,2.14,435.7,0,3,2,0,1,0.789
KPT-LOC-0730,18.49418,82.85747,911.1,27.3,68.9,1618.0,3.74,524.1,1249.6,0.97,1395.2,2,3,3,1,0,0.479
KPT-LOC-0731,18.71523,82.81662,1071.7,38.6,72.2,1564.5,1.81,65.3,1617.5,1.58,1238.3,2,1,4,2,0,0.453
KPT-LOC-0732,18.69784,82.88714,852.2,26.5,227.8,1458.8,1.78,32.9,1573.0,2.27,115.8,0,2,0,1,1,0.621
KPT-LOC-0733,18.62614,82.58252,798.4,39.2,20.2,1431.6,3.55,842.6,1478.0,0.7,1649.5,0,2,1,2,0,0.381
KPT-LOC-0734,18.51559,82.67479,879.2,22.2,308.6,1380.5,2.84,942.5,178.5,2.41,989.4,3,2,1,1,1,0.722
KPT-LOC-0735,19.09678,82.9027,634.2,5.3,359.3,1578.6,1.72,268.2,1215.9,2.17,1245.6,0,3,2,0,1,0.742
KPT-LOC-0736,19.05456,83.10973,889.6,20.0,46.4,1517.7,0.98,912.2,2326.7,1.69,808.1,2,2,1,0,1,0.692
KPT-LOC-0737,18.94379,83.32388,662.0,4.8,74.3,1553.4,3.05,132.9,1856.5,2.75,1610.7,0,5,2,0,1,0.675
KPT-LOC-0738,18.84608,83.2373,717.5,6.8,143.2,1456.6,3.53,377.6,2467.5,2.0,504.1,0,3,0,0,1,0.774
KPT-LOC-0739,19.0247,82.48437,608.8,22.9,56.9,1529.2,2.04,540.8,845.5,3.04,151.2,0,2,0,1,1,0.847
KPT-LOC-0740,18.58705,82.83666,994.6,30.8,222.3,1458.6,2.58,800.0,1574.8,0.5,1678.1,0,4,1,2,0,0.446
KPT-LOC-0741,18.70886,82.85106,1038.6,21.7,240.9,1533.6,2.12,911.8,1979.9,1.95,1691.5,1,2,1,1,1,0.647
KPT-LOC-0742,18.65266,82.90636,920.2,25.7,104.3,1576.9,1.36,451.8,1285.3,1.84,677.5,1,3,2,1,1,0.596
KPT-LOC-0743,18.66206,82.5185,722.2,21.9,7.8,1546.2,1.79,506.3,2216.0,1.39,2067.8,1,2,4,1,1,0.582
KPT-LOC-0744,18.56276,82.70001,1151.4,31.5,113.3,1544.2,1.93,564.0,1015.1,0.86,942.0,1,3,0,2,0,0.497
KPT-LOC-0745,18.9833,82.83851,622.6,40.1,257.7,1524.1,0.94,267.7,342.3,3.15,191.7,0,4,1,2,1,0.77
KPT-LOC-0746,19.06159,83.07638,746.9,22.6,3.9,1396.6,2.95,819.6,783.1,1.86,1736.2,2,3,0,1,1,0.664
KPT-LOC-0747,18.95319,83.32802,689.3,8.6,24.9,1615.3,2.23,525.5,2063.8,1.05,791.1,0,3,0,0,1,0.692
KPT-LOC-0748,18.89647,83.13877,591.3,2.7,60.9,1599.1,1.09,15.7,2109.7,1.9,936.9,0,5,2,0,1,0.664
KPT-LOC-0749,18.99034,82.51697,710.1,38.2,126.0,1600.6,2.05,614.3,1765.2,2.09,1205.0,0,3,1,2,1,0.578
KPT-LOC-0750,18.57285,82.82506,956.4,7.0,70.6,1383.7,2.66,188.2,107.4,0.29,787.0,2,2,2,0,1,0.572
KPT-LOC-0751,18.71972,82.83567,888.7,39.0,66.3,1463.2,1.78,158.3,257.5,3.09,1466.2,0,3,1,2,1,0.625
KPT-LOC-0752,18.65296,82.81771,930.6,15.5,208.5,1497.7,2.82,771.4,543.0,1.19,1573.8,2,2,1,0,1,0.594
KPT-LOC-0753,18.7382,82.52337,683.7,26.4,93.3,1441.4,0.98,619.6,1603.3,1.27,2070.7,2,2,1,1,0,0.4
KPT-LOC-0754,18.63127,82.7798,826.7,36.9,354.3,1599.5,1.28,463.5,971.5,1.95,246.0,0,3,0,2,1,0.64
KPT-LOC-0755,18.98842,82.85225,826.1,37.2,197.0,1455.8,2.16,220.0,1494.5,0.96,1829.8,0,2,0,2,0,0.39
KPT-LOC-0756,18.96249,83.10527,912.3,19.5,262.3,1441.9,1.43,948.0,2099.7,0.43,427.6,0,3,2,0,1,0.655
KPT-LOC-0757,18.94776,83.35716,873.4,31.4,158.4,1619.0,0.83,728.7,515.4,2.72,2007.1,0,4,1,2,1,0.61
KPT-LOC-0758,18.82389,83.23223,798.4,20.6,284.8,1547.0,3.52,229.5,2119.4,1.49,470.1,1,2,2,1,1,0.705
KPT-LOC-0759,19.08144,82.49414,858.8,37.0,150.3,1590.2,3.56,674.5,204.4,1.41,1108.7,0,3,1,2,1,0.532
KPT-LOC-0760,18.52943,82.84686,860.1,36.9,242.5,1574.7,3.22,477.4,1887.5,1.15,1907.1,2,4,2,2,0,0.49
KPT-LOC-0761,18.62769,82.88115,818.5,31.5,61.6,1523.5,2.44,828.2,1719.5,1.76,1237.1,3,1,0,2,0,0.463
KPT-LOC-0762,18.69413,82.88735,1048.4,33.5,51.1,1564.1,3.27,273.5,1910.4,1.67,2063.5,1,4,0,2,1,0.523
KPT-LOC-0763,18.68602,82.532,795.9,29.4,17.8,1412.9,3.57,572.7,107.9,0.8,963.1,0,4,1,1,0,0.518
KPT-LOC-0764,18.60024,82.63141,1001.5,40.8,127.0,1484.3,1.35,70.2,1278.3,1.55,450.9,0,4,3,2,1,0.622
KPT-LOC-0765,19.09966,82.85365,905.2,8.4,122.5,1418.8,2.48,721.7,200.0,1.09,682.6,0,3,3,0,1,0.686
KPT-LOC-0766,18.92576,83.05469,925.2,22.4,267.2,1475.0,2.24,49.3,936.0,1.14,1867.6,0,3,1,1,1,0.606
KPT-LOC-0767,19.00445,83.34101,558.5,3.7,315.9,1524.6,2.07,335.2,2404.9,1.87,1867.0,0,2,1,0,0,0.464
KPT-LOC-0768,18.8257,83.23808,567.1,3.6,81.0,1415.4,2.26,209.7,2397.8,1.37,1758.0,0,3,0,0,0,0.463
KPT-LOC-0769,18.95487,82.51054,620.5,14.5,294.5,1593.4,3.41,847.5,294.8,2.55,1442.9,1,3,1,0,1,0.758
KPT-LOC-0770,18.60717,82.9467,862.9,15.2,268.6,1526.7,1.95,446.8,1366.3,2.99,1133.8,0,2,0,0,1,0.77
KPT-LOC-0771,18.67131,82.91882,863.5,25.7,142.2,1582.7,1.73,120.5,143.2,0.55,747.4,0,3,4,1,0,0.491
KPT-LOC-0772,18.68115,82.91102,1046.4,30.2,70.7,1585.4,3.76,898.1,804.5,1.16,81.3,1,2,1,2,1,0.549
KPT-LOC-0773,18.67096,82.51746,967.7,21.7,190.4,1556.3,1.65,419.0,1184.1,2.76,1495.9,1,4,0,1,1,0.808
KPT-LOC-0774,18.65455,82.69893,831.7,4.5,21.7,1537.6,3.28,474.0,1403.0,0.5,1408.7,2,3,1,0,0,0.434
KPT-LOC-0775,19.00126,82.78771,719.3,10.1,159.7,1402.6,2.07,942.4,186.0,2.38,122.6,1,3,1,0,1,0.827
KPT-LOC-0776,19.027,83.12656,901.7,18.4,293.0,1509.4,3.14,777.9,1613.9,2.67,485.2,0,3,1,0,1,0.832
KPT-LOC-0777,19.00073,83.24096,780.1,27.7,120.3,1605.7,0.85,680.3,729.8,0.24,224.8,1,3,0,1,0,0.508
KPT-LOC-0778,18.79287,83.1045,836.9,27.7,158.6,1433.6,0.96,918.0,1224.7,0.67,1907.7,0,3,1,1,0,0.4
KPT-LOC-0779,19.09564,82.49821,714.4,32.5,116.9,1512.3,3.53,492.4,1666.3,1.31,904.6,0,3,2,2,1,0.532
KPT-LOC-0780,18.56692,82.91239,1034.5,20.4,316.8,1441.7,1.01,652.3,2428.0,3.0,92.3,0,3,2,1,1,0.881
KPT-LOC-0781,18.77525,82.89316,852.4,4.1,107.4,1571.1,3.67,417.0,281.7,1.02,2066.3,3,3,3,0,0,0.433
KPT-LOC-0782,18.72297,82.91162,949.8,8.4,219.5,1583.1,3.08,731.8,125.5,2.08,1687.8,0,5,0,0,1,0.782
KPT-LOC-0783,18.68441,82.60634,713.5,35.1,352.6,1396.4,1.93,147.2,2428.9,0.6,1049.5,0,4,0,2,0,0.495
KPT-LOC-0784,18.52901,82.67665,1149.4,19.5,103.0,1558.6,3.54,590.1,96.8,1.61,512.1,4,5,2,0,1,0.832
KPT-LOC-0785,19.10493,82.81348,635.9,33.3,9.4,1585.9,3.2,947.7,556.2,0.93,1056.5,2,4,2,2,1,0.538
KPT-LOC-0786,19.00294,83.12329,750.8,21.3,49.7,1513.6,1.33,335.9,306.1,1.65,1586.6,1,1,1,1,1,0.59
KPT-LOC-0787,18.91868,83.32211,607.9,31.4,358.5,1419.4,1.43,666.3,149.6,3.1,1755.8,0,3,0,2,1,0.599
KPT-LOC-0788,18.94939,83.15518,634.2,23.0,187.8,1616.9,0.85,358.8,1908.0,2.48,1719.0,1,4,2,1,1,0.774
KPT-LOC-0789,18.97747,82.5011,642.1,35.1,254.9,1417.3,2.13,564.1,816.7,2.76,622.4,0,3,3,2,1,0.658
KPT-LOC-0790,18.61754,82.82035,1119.8,5.4,96.2,1557.0,1.17,315.0,2193.0,0.68,1161.7,0,2,1,0,1,0.59
KPT-LOC-0791,18.66222,82.916,1072.7,23.7,234.2,1568.6,3.09,928.9,1773.1,1.86,1777.6,0,3,0,1,1,0.677
KPT-LOC-0792,18.6565,82.79786,1078.5,31.3,63.6,1440.3,1.02,526.5,561.7,0.61,1544.4,1,4,0,2,0,0.462
KPT-LOC-0793,18.70927,82.62119,947.5,31.3,344.6,1598.8,2.46,114.1,1664.0,1.34,253.8,0,3,2,2,1,0.591
KPT-LOC-0794,18.50294,82.73527,1108.7,16.5,182.2,1604.3,1.01,340.5,2342.9,1.4,153.9,1,4,1,0,1,0.806
KPT-LOC-0795,19.07858,82.84106,660.4,22.7,151.0,1580.1,2.51,845.6,197.8,1.68,203.1,3,5,2,1,1,0.862
KPT-LOC-0796,18.99258,83.12624,722.3,23.8,326.9,1551.3,1.03,720.6,1703.5,1.61,1340.3,0,1,1,1,1,0.609
KPT-LOC-0797,18.98787,83.33199,803.8,26.4,213.1,1573.2,2.06,766.4,1175.8,2.15,1095.9,0,2,2,1,1,0.549
KPT-LOC-0798,18.82163,83.15617,736.3,9.7,18.5,1383.7,3.24,790.8,492.3,1.72,176.7,0,2,1,0,1,0.73
KPT-LOC-0799,19.06696,82.60214,541.4,33.4,126.3,1541.0,1.31,456.1,937.2,0.71,1721.0,1,1,0,2,0,0.347
KPT-LOC-0800,18.5435,82.84423,928.9,7.8,265.2,1420.7,2.86,878.8,2466.7,2.88,215.2,1,3,2,0,1,0.86
KPT-LOC-0801,18.65812,82.8523,810.4,17.1,116.3,1542.7,2.62,264.9,658.4,1.34,1708.5,1,2,3,0,1,0.599
KPT-LOC-0802,18.68274,82.9217,908.9,29.9,275.8,1526.8,2.79,599.9,1646.5,1.44,1947.5,1,2,2,1,0,0.425
KPT-LOC-0803,18.68263,82.55992,815.5,14.9,121.3,1517.0,0.92,740.0,1036.8,1.4,1462.5,1,2,1,0,1,0.62
KPT-LOC-0804,18.57239,82.69749,972.7,17.4,145.8,1560.4,2.19,573.1,1591.2,1.57,1052.0,2,1,1,0,1,0.628
KPT-LOC-0805,19.0253,82.92625,648.4,25.1,262.7,1571.0,1.58,376.6,2055.4,2.42,1524.0,2,2,1,1,1,0.538
KPT-LOC-0806,18.96961,83.126,1016.3,31.4,52.8,1434.0,3.75,447.0,470.1,1.78,1624.2,0,4,2,2,1,0.547
KPT-LOC-0807,18.97911,83.24546,632.8,37.8,22.3,1415.9,3.66,173.8,1610.6,1.94,1926.5,0,3,4,2,0,0.495
KPT-LOC-0808,18.83126,83.1152,812.0,22.1,122.2,1556.1,1.87,229.3,1019.6,1.24,867.6,4,1,0,1,1,0.616
KPT-LOC-0809,19.08243,82.54812,742.8,7.8,319.8,1462.8,1.51,681.1,1654.1,2.46,1835.7,0,3,1,0,1,0.71
KPT-LOC-0810,18.49166,82.87458,866.3,23.1,110.1,1451.8,1.04,882.7,353.1,0.37,648.2,0,4,2,1,1,0.674
KPT-LOC-0811,18.72445,82.94117,902.1,35.0,129.6,1449.4,2.28,752.0,809.0,0.77,304.5,0,3,1,2,1,0.529
KPT-LOC-0812,18.75974,82.83448,1012.7,28.2,339.7,1392.3,1.21,515.1,1140.3,1.63,40.5,0,3,2,1,1,0.61
KPT-LOC-0813,18.60143,82.61911,967.7,14.6,12.3,1553.7,1.85,529.3,1724.4,2.87,303.4,3,4,2,0,1,0.905
KPT-LOC-0814,18.62567,82.70522,838.4,32.5,230.9,1561.3,0.83,922.0,288.9,0.5,844.8,2,3,0,2,0,0.478
KPT-LOC-0815,19.04079,82.90342,808.0,7.7,355.1,1388.6,1.39,325.2,222.4,0.44,341.6,0,3,0,0,1,0.657
KPT-LOC-0816,19.0495,83.17984,721.6,32.6,150.6,1542.9,2.1,195.3,1459.8,0.47,1505.7,1,3,2,2,0,0.424
KPT-LOC-0817,19.01488,83.35718,778.4,9.0,289.1,1444.9,2.63,790.0,2431.8,0.33,1142.7,1,4,1,0,1,0.634
KPT-LOC-0818,18.93796,83.12733,858.2,28.4,251.5,1406.1,1.47,344.5,1686.1,2.74,1614.8,1,5,1,1,1,0.66
KPT-LOC-0819,19.09272,82.54515,552.7,39.2,160.4,1482.5,2.74,293.3,1489.3,0.68,1501.6,0,4,1,2,0,0.475
KPT-LOC-0820,18.64086,82.8072,1037.3,23.2,15.7,1434.7,1.77,37.1,873.9,2.64,122.6,2,5,1,1,1,0.93
KPT-LOC-0821,18.78234,82.84288,825.6,10.8,175.9,1617.7,2.02,541.0,935.6,2.53,1255.2,1,4,2,0,1,0.814
KPT-LOC-0822,18.71662,82.79229,998.4,29.1,20.8,1483.8,3.51,649.6,1453.4,1.36,1318.3,0,4,1,1,1,0.542
KPT-LOC-0823,18.68141,82.5474,975.9,8.4,333.8,1599.2,1.28,556.7,153.1,1.22,1523.1,0,3,1,0,1,0.649
KPT-LOC-0824,18.63903,82.64841,826.1,10.7,297.0,1417.3,1.52,590.2,361.2,2.49,1094.8,0,4,1,0,1,0.804
KPT-LOC-0825,19.11604,82.78617,937.9,10.3,205.4,1433.3,1.86,140.1,2294.6,2.12,1418.4,1,3,0,0,1,0.712
KPT-LOC-0826,18.94344,83.19949,923.9,16.8,99.7,1407.4,3.04,127.1,1555.0,0.83,571.2,0,3,0,0,1,0.672
KPT-LOC-0827,18.90989,83.27258,826.4,14.8,193.9,1400.8,1.86,783.7,2147.9,0.8,834.1,0,3,2,0,1,0.65
KPT-LOC-0828,18.80203,83.1682,577.4,20.1,232.3,1549.4,1.12,360.8,742.0,2.16,1568.7,0,3,1,1,1,0.714
KPT-LOC-0829,19.0047,82.51089,651.9,16.2,253.1,1423.8,1.34,18.1,2486.5,3.2,138.5,0,2,1,0,1,0.851
KPT-LOC-0830,18.53424,82.8075,1052.8,7.0,70.0,1472.2,3.06,60.5,302.8,1.93,1578.3,2,4,0,0,1,0.729
KPT-LOC-0831,18.6244,82.84048,869.9,20.9,211.5,1463.0,3.73,632.0,1450.0,3.13,508.1,0,3,0,1,1,0.862
KPT-LOC-0832,18.80459,82.86051,776.3,3.5,6.7,1453.1,1.52,706.3,2242.7,2.04,52.0,3,3,1,0,1,0.648
KPT-LOC-0833,18.63011,82.57652,1024.9,7.9,89.5,1437.5,2.3,487.8,492.5,2.43,184.4,3,3,1,0,1,0.829
KPT-LOC-0834,18.56608,82.72193,882.5,36.4,241.4,1562.5,2.27,451.3,1567.7,1.38,506.1,1,3,0,2,1,0.572
KPT-LOC-0835,19.04586,82.77352,938.8,32.9,329.9,1436.9,1.64,460.4,477.0,1.18,39.6,0,5,0,2,1,0.66
KPT-LOC-0836,18.97925,83.11015,928.9,2.3,42.6,1613.2,1.09,59.8,2365.0,3.16,73.7,0,4,0,0,1,0.789
KPT-LOC-0837,18.87423,83.35323,588.8,22.5,166.9,1395.4,0.87,442.8,929.5,0.81,1895.7,0,2,0,1,1,0.531
KPT-LOC-0838,18.87633,83.20541,857.8,38.7,14.1,1538.3,2.33,584.7,1223.5,2.71,2040.6,0,3,1,2,1,0.562
KPT-LOC-0839,19.10602,82.56194,783.6,6.1,215.3,1577.7,3.37,116.1,647.6,2.58,545.8,1,3,0,0,1,0.827
KPT-LOC-0840,18.64777,82.90753,903.3,23.3,160.8,1475.1,3.12,285.0,1667.6,1.12,945.5,2,4,0,1,1,0.713
KPT-LOC-0841,18.67868,82.84938,1038.6,31.9,79.2,1524.9,3.26,132.6,148.8,1.08,1564.2,0,5,2,2,1,0.546
KPT-LOC-0842,18.66149,82.87999,800.7,9.0,333.7,1466.6,2.23,640.3,2486.3,1.58,1506.7,1,3,1,0,1,0.667
KPT-LOC-0843,18.62377,82.64546,1003.3,37.4,122.1,1570.0,1.96,832.4,982.8,1.52,931.9,1,3,0,2,1,0.552
KPT-LOC-0844,18.60809,82.74524,1169.8,28.8,320.8,1447.7,3.65,596.0,1611.5,1.68,1738.1,1,4,1,1,1,0.533
KPT-LOC-0845,19.10368,82.90441,820.9,38.9,15.7,1426.2,3.56,57.8,1621.5,2.67,1935.1,1,4,1,2,1,0.593
KPT-LOC-0846,18.93582,83.18769,823.1,3.7,160.5,1557.8,2.41,252.8,1854.4,1.24,1682.0,0,2,2,0,0,0.433
KPT-LOC-0847,18.96116,83.25465,733.5,5.0,216.7,1484.3,3.33,708.8,1106.6,2.44,1878.3,2,3,1,0,1,0.545
KPT-LOC-0848,18.80707,83.15225,692.3,38.0,355.4,1596.1,1.37,553.9,964.4,2.13,1006.8,0,5,1,2,1,0.676
KPT-LOC-0849,19.07573,82.56272,819.2,32.1,157.4,1411.1,1.45,512.7,875.1,1.64,841.2,1,3,1,2,1,0.553
KPT-LOC-0850,18.55639,82.94279,947.2,6.1,305.2,1510.0,1.26,656.8,1830.9,3.1,1999.6,0,4,4,0,1,0.792
KPT-LOC-0851,18.716,82.81165,881.5,32.9,167.0,1462.0,2.86,153.7,1494.8,2.89,462.5,1,3,0,2,1,0.684
KPT-LOC-0852,18.7464,82.78529,894.6,31.3,76.2,1386.3,1.1,724.9,1415.5,1.9,191.3,0,2,1,2,1,0.58
KPT-LOC-0853,18.65986,82.58708,917.7,9.8,156.7,1517.5,2.4,948.2,1608.5,0.45,360.7,2,5,1,0,1,0.749
KPT-LOC-0854,18.59403,82.68244,852.4,11.8,354.3,1523.7,1.58,833.4,1561.4,1.29,848.8,0,3,0,0,1,0.699
KPT-LOC-0855,19.0787,82.82665,910.7,41.5,108.4,1393.9,1.35,297.7,1356.0,2.54,1390.5,0,3,1,2,1,0.581
KPT-LOC-0856,18.95323,83.08463,808.8,38.1,174.0,1593.5,3.06,637.8,1875.5,0.61,2068.2,0,5,0,2,0,0.482
KPT-LOC-0857,18.8845,83.34754,818.6,3.3,326.5,1492.8,2.44,182.9,496.4,0.68,634.8,0,5,0,0,1,0.581
KPT-LOC-0858,18.88705,83.15653,577.0,16.3,225.2,1575.6,2.33,47.4,1690.5,2.4,1091.9,0,1,1,0,1,0.691
KPT-LOC-0859,19.0802,82.4795,681.3,38.0,101.2,1521.6,3.17,847.9,398.0,3.05,816.6,0,3,3,2,1,0.675
KPT-LOC-0860,18.58115,82.8094,929.1,17.5,233.4,1398.4,2.99,525.3,1362.1,0.89,643.2,1,3,1,0,1,0.671
KPT-LOC-0861,18.74281,82.90291,923.9,37.8,183.9,1520.9,2.73,72.9,1731.6,1.68,789.0,1,3,0,2,1,0.57
KPT-LOC-0862,18.708,82.90815,889.7,30.3,34.5,1448.7,3.24,884.4,2191.7,2.43,1099.1,1,3,2,2,1,0.599
KPT-LOC-0863,18.67547,82.49423,965.1,13.9,325.5,1455.1,2.61,355.4,519.3,2.24,1367.4,0,4,1,0,1,0.767
KPT-LOC-0864,18.50182,82.714,915.5,25.7,185.8,1539.8,2.64,308.5,931.9,1.96,325.0,4,4,0,1,1,0.668
KPT-LOC-0865,19.06003,82.82337,651.3,15.0,183.5,1500.2,1.85,336.7,1080.1,2.79,1846.6,1,2,0,0,1,0.698
KPT-LOC-0866,19.05413,83.10382,1068.7,24.7,9.0,1434.4,1.84,120.3,2333.0,0.28,227.3,0,1,1,1,1,0.577
KPT-LOC-0867,19.02859,83.32549,699.3,32.6,54.3,1483.6,3.24,944.1,1761.8,2.85,1714.5,2,1,1,2,0,0.509
KPT-LOC-0868,18.9232,83.19363,633.8,28.2,269.9,1604.0,1.06,765.3,1667.5,2.86,1872.8,3,5,1,1,1,0.669
KPT-LOC-0869,19.08085,82.60847,510.9,15.1,140.5,1491.5,2.17,634.9,1914.3,0.35,1350.8,1,4,3,0,1,0.624
KPT-LOC-0870,18.58274,82.85396,1108.0,41.9,49.1,1543.2,1.38,310.2,1312.0,0.89,1713.0,1,4,1,2,0,0.481
KPT-LOC-0871,18.76724,82.87506,1036.2,26.1,47.6,1435.3,1.9,215.7,193.7,2.63,1756.4,1,2,0,1,1,0.524
KPT-LOC-0872,18.70194,82.83014,1089.6,4.3,299.0,1507.8,2.63,451.7,1456.1,2.81,839.8,2,2,2,0,1,0.614
KPT-LOC-0873,18.63571,82.64617,936.4,7.2,239.0,1461.4,1.93,846.6,2027.3,2.28,1835.7,0,5,4,0,1,0.776
KPT-LOC-0874,18.61618,82.77746,917.7,30.1,282.1,1555.4,2.57,309.5,2079.3,1.77,1954.4,4,2,3,2,0,0.454
KPT-LOC-0875,18.96873,82.81722,726.7,35.2,216.3,1541.2,0.98,797.3,672.2,2.14,1555.1,2,4,1,2,1,0.591
KPT-LOC-0876,18.93813,83.06729,962.1,35.1,330.6,1523.9,0.83,350.4,522.1,0.51,163.5,4,4,2,2,1,0.566
KPT-LOC-0877,19.00875,83.38214,863.5,33.6,129.4,1540.7,2.01,56.8,152.2,1.74,509.6,1,3,2,2,1,0.598
KPT-LOC-0878,18.85582,83.13092,813.9,10.5,239.7,1487.1,2.09,112.6,1984.8,2.83,894.7,2,5,0,0,1,0.892
KPT-LOC-0879,19.11122,82.47949,598.3,3.8,245.4,1533.1,0.89,384.7,148.2,1.85,574.8,0,2,0,0,1,0.561
KPT-LOC-0880,18.51717,82.85244,876.5,35.7,75.1,1606.6,2.59,84.7,753.2,1.13,1695.2,0,5,2,2,1,0.548
KPT-LOC-0881,18.7497,82.91376,1103.0,10.9,312.1,1419.3,2.17,305.4,2159.4,1.05,2060.1,1,3,1,0,1,0.583
KPT-LOC-0882,18.74117,82.83765,976.7,19.5,292.3,1507.4,3.04,411.7,1906.5,2.98,2009.2,1,1,1,0,1,0.662
KPT-LOC-0883,18.67183,82.51149,802.4,6.6,312.5,1542.7,3.55,829.5,1409.7,2.54,741.3,0,3,1,0,1,0.805
KPT-LOC-0884,18.54826,82.77269,981.3,12.3,306.5,1560.4,2.4,401.5,2101.0,2.06,228.1,1,2,2,0,1,0.768
KPT-LOC-0885,19.09303,82.90904,872.3,17.7,157.0,1420.7,1.8,56.3,1099.5,1.46,1434.2,0,4,0,0,1,0.698
KPT-LOC-0886,19.04658,83.0595,797.8,4.6,64.6,1425.5,2.76,568.9,114.1,1.33,2052.9,1,3,1,0,0,0.444
KPT-LOC-0887,18.8902,83.30516,745.2,5.0,101.0,1606.6,1.75,407.6,348.2,1.15,459.2,2,2,0,0,1,0.522
KPT-LOC-0888,18.86398,83.24306,636.6,40.0,254.0,1412.9,3.18,651.0,1264.5,2.9,1036.9,0,4,3,2,1,0.677
KPT-LOC-0889,19.09906,82.52179,586.0,28.8,35.5,1606.0,2.57,717.9,559.1,0.61,313.8,0,5,1,1,1,0.61
KPT-LOC-0890,18.56371,82.8048,902.5,5.8,19.7,1585.7,3.12,904.2,2314.0,1.78,1163.3,3,2,1,0,1,0.679
KPT-LOC-0891,18.65795,82.89117,1118.4,31.4,304.3,1534.0,1.23,473.5,410.2,2.77,1680.9,0,3,1,2,1,0.59
KPT-LOC-0892,18.7211,82.89703,858.6,37.9,159.6,1513.7,1.7,633.6,2234.2,0.21,1808.9,1,2,0,2,0,0.339
KPT-LOC-0893,18.60188,82.6381,957.3,39.9,184.0,1394.7,1.25,461.5,2256.1,0.59,843.9,0,3,0,2,0,0.469
KPT-LOC-0894,18.51624,82.73321,1013.4,23.6,244.9,1593.3,2.74,181.1,2218.1,0.87,838.7,0,2,0,1,1,0.633
KPT-LOC-0895,19.06056,82.79899,715.3,25.4,194.0,1468.1,3.17,588.3,1673.8,1.33,1048.9,1,4,3,1,1,0.559
KPT-LOC-0896,18.98377,83.1176,966.1,29.2,119.1,1483.1,1.85,23.3,1157.2,1.47,260.3,0,3,0,1,1,0.59
KPT-LOC-0897,18.89493,83.29037,725.0,17.3,270.7,1606.6,2.5,268.0,1110.1,2.85,38.8,2,4,1,0,1,0.929
KPT-LOC-0898,18.83588,83.23328,656.6,39.7,9.5,1476.5,3.55,340.5,1247.6,1.13,1212.9,0,4,1,2,1,0.531
KPT-LOC-0899,18.95519,82.50041,752.0,30.4,330.9,1560.8,3.11,554.9,2096.0,3.17,691.8,2,3,1,2,1,0.698
KPT-LOC-0900,18.59817,82.84027,999.3,10.5,47.8,1424.7,1.43,825.2,2320.7,2.6,380.0,1,3,0,0,1,0.826
KPT-LOC-0901,18.66546,82.93508,1007.3,15.1,27.7,1559.0,1.51,919.4,2486.8,0.44,2087.0,1,2,0,0,0,0.508
KPT-LOC-0902,18.72565,82.91121,1102.2,15.9,14.5,1599.6,2.24,741.1,1498.2,2.19,1996.5,3,3,0,0,1,0.69
KPT-LOC-0903,18.5998,82.51601,866.8,6.4,33.1,1475.1,2.45,787.7,2311.2,0.66,1225.1,3,1,0,0,1,0.536
KPT-LOC-0904,18.53687,82.64586,859.5,8.1,261.6,1467.2,3.11,882.3,776.2,2.01,308.9,1,3,0,0,1,0.79
KPT-LOC-0905,18.96509,82.8539,871.4,38.2,122.4,1607.0,3.09,107.2,1932.7,3.15,1309.4,1,4,0,2,1,0.694
KPT-LOC-0906,18.95444,83.1254,1040.2,32.0,213.8,1421.5,2.4,523.3,125.2,0.22,29.4,1,4,2,2,1,0.544
KPT-LOC-0907,18.9979,83.27234,610.1,3.0,47.4,1389.0,1.48,629.2,2402.9,1.74,1622.6,2,2,2,0,0,0.46
KPT-LOC-0908,18.82436,83.23641,522.4,4.0,213.0,1581.8,0.97,405.8,192.6,0.66,499.3,0,3,1,0,0,0.518
KPT-LOC-0909,19.04063,82.57169,548.8,25.4,330.5,1594.2,3.55,929.6,1517.7,0.7,1636.7,2,3,0,1,0,0.437
KPT-LOC-0910,18.64912,82.94643,859.6,39.0,205.3,1385.5,3.33,236.4,1884.7,0.65,1027.2,0,2,0,2,0,0.42
KPT-LOC-0911,18.6551,82.89515,1011.0,38.2,128.1,1445.1,3.69,547.8,1893.6,3.01,858.1,2,3,0,2,1,0.662
KPT-LOC-0912,18.67355,82.85747,920.0,36.6,310.0,1410.9,2.16,711.1,1045.5,0.9,649.8,1,3,2,2,0,0.51
KPT-LOC-0913,18.63744,82.49515,866.4,13.5,31.5,1546.4,1.58,592.2,1740.3,2.1,303.8,2,3,3,0,1,0.805
KPT-LOC-0914,18.61469,82.70749,1147.5,28.5,330.2,1493.5,2.96,281.4,421.3,1.58,1219.0,1,3,1,1,1,0.528
KPT-LOC-0915,19.07696,82.91004,888.5,38.9,323.8,1567.0,1.57,245.8,1830.6,2.4,1486.3,2,2,1,2,1,0.539
KPT-LOC-0916,19.03177,83.11744,781.3,25.9,184.3,1471.2,1.78,32.4,456.1,3.06,1892.2,0,3,2,1,1,0.591
KPT-LOC-0917,19.02782,83.34913,774.0,35.0,110.5,1570.4,1.43,684.5,1938.1,2.47,717.6,2,5,1,2,1,0.722
KPT-LOC-0918,18.93946,83.14381,687.0,14.2,348.1,1530.5,3.2,684.0,930.6,2.44,393.9,3,3,2,0,1,0.823
KPT-LOC-0919,19.05064,82.57285,752.7,20.0,16.3,1521.3,1.28,872.4,1375.2,2.93,1493.8,0,3,1,1,1,0.778
KPT-LOC-0920,18.49765,82.85248,1054.7,40.8,73.8,1441.4,2.51,26.0,2053.6,0.89,1238.8,2,2,2,2,0,0.428
KPT-LOC-0921,18.6483,82.93104,952.4,13.7,74.6,1548.6,2.96,115.7,2230.0,1.66,753.2,0,3,0,0,1,0.736
KPT-LOC-0922,18.76225,82.80833,808.5,27.5,93.3,1487.6,3.14,330.0,376.4,2.09,1569.6,0,2,0,1,0,0.501
KPT-LOC-0923,18.66967,82.54702,934.3,32.9,266.8,1483.4,2.85,605.8,1204.3,2.73,1017.8,0,3,0,2,1,0.632
KPT-LOC-0924,18.52931,82.74601,954.1,39.9,6.8,1524.9,2.89,731.5,359.7,2.73,179.5,1,3,2,2,1,0.699
KPT-LOC-0925,19.04802,82.77904,637.4,29.3,335.5,1492.7,2.38,176.3,1096.6,0.52,216.7,0,3,2,1,0,0.52
KPT-LOC-0926,18.97284,83.16667,978.6,33.9,200.0,1600.9,2.99,420.3,1973.7,1.65,1077.9,3,3,0,2,1,0.554
KPT-LOC-0927,18.92714,83.3308,719.9,9.5,54.1,1463.2,2.0,645.8,732.0,1.42,62.6,0,3,1,0,1,0.762
KPT-LOC-0928,18.90035,83.10568,536.6,9.0,306.7,1466.2,3.16,526.6,535.7,1.61,1583.2,1,3,2,0,1,0.663
KPT-LOC-0929,19.04522,82.5368,703.9,20.5,339.8,1413.4,2.46,112.0,2203.1,2.81,574.7,3,4,0,1,1,0.867
KPT-LOC-0930,18.63232,82.93707,1004.4,30.7,23.2,1498.0,1.74,161.2,450.4,0.71,1935.5,1,2,2,2,0,0.366
KPT-LOC-0931,18.68625,82.93066,969.8,38.0,241.5,1469.3,2.87,495.4,1735.6,2.77,1421.4,0,4,2,2,1,0.643
KPT-LOC-0932,18.7074,82.80303,991.7,35.9,130.9,1610.8,1.7,730.5,2226.5,0.57,2004.1,1,4,0,2,0,0.441
KPT-LOC-0933,18.58864,82.62266,777.6,40.2,19.9,1615.8,1.27,950.0,163.0,1.47,1091.8,0,3,1,2,1,0.54
KPT-LOC-0934,18.62401,82.68453,955.3,40.6,152.4,1576.2,1.86,704.8,1876.3,1.83,890.0,1,3,1,2,1,0.58
KPT-LOC-0935,18.98102,82.81244,780.2,20.7,115.0,1599.5,1.09,929.9,689.9,2.07,1913.7,2,4,1,1,1,0.726
KPT-LOC-0936,18.94299,83.05306,838.0,37.7,22.3,1587.2,2.89,540.9,2238.8,0.23,1445.1,0,2,3,2,0,0.374
KPT-LOC-0937,18.87695,83.26595,632.9,7.3,88.6,1482.3,1.71,130.4,1641.1,0.54,1759.8,1,3,0,0,1,0.567
KPT-LOC-0938,18.92147,83.12485,568.8,30.4,27.2,1545.1,1.3,77.3,1402.2,2.91,556.9,2,3,3,2,1,0.686
KPT-LOC-0939,19.05617,82.60031,732.5,7.3,1.1,1469.6,2.26,255.9,199.3,2.74,413.5,1,4,2,0,1,0.879
KPT-LOC-0940,18.60821,82.8648,959.9,13.1,80.3,1442.2,3.8,524.1,1535.4,2.33,2032.8,0,3,1,0,1,0.685
KPT-LOC-0941,18.77821,82.8521,1071.0,16.5,64.7,1561.7,2.05,93.1,1430.9,1.49,1806.1,0,4,0,0,1,0.686
KPT-LOC-0942,18.70973,82.88096,841.4,32.3,278.1,1382.5,2.75,585.0,1160.5,2.15,217.2,1,4,1,2,1,0.677
KPT-LOC-0943,18.70222,82.56876,877.5,16.3,324.9,1421.8,1.47,199.8,1130.3,1.0,1047.2,3,3,2,0,1,0.651
KPT-LOC-0944,18.54092,82.67222,1105.9,7.7,325.0,1414.2,2.87,398.6,644.7,1.75,844.5,0,4,1,0,1,0.764
KPT-LOC-0945,19.12211,82.83948,745.7,18.9,292.6,1551.2,2.12,665.7,817.1,2.72,1210.7,0,3,0,0,1,0.785
KPT-LOC-0946,18.96684,83.12017,879.2,21.4,155.7,1406.9,1.96,98.2,370.8,0.25,321.1,0,4,2,1,1,0.686
KPT-LOC-0947,18.96672,83.23392,698.9,3.9,100.9,1385.2,0.9,833.8,2010.0,0.32,1019.1,3,4,0,0,0,0.474
KPT-LOC-0948,18.94965,83.1326,835.8,6.9,120.7,1500.1,3.1,831.5,1136.3,2.57,2081.0,1,2,1,0,1,0.669
KPT-LOC-0949,19.06958,82.50306,694.5,8.1,94.3,1590.3,1.09,559.2,2155.3,1.82,241.7,4,4,2,0,1,0.831
KPT-LOC-0950,18.55738,82.84724,868.8,35.6,352.8,1555.0,1.25,398.9,2225.8,3.07,303.0,3,4,3,2,1,0.758
KPT-LOC-0951,18.668,82.94763,958.6,39.3,46.3,1518.9,3.56,188.3,2343.4,3.06,372.6,2,2,0,2,1,0.669
KPT-LOC-0952,18.79121,82.91737,861.7,21.2,121.3,1401.8,1.3,539.7,1089.4,1.5,459.8,2,3,0,1,1,0.732
KPT-LOC-0953,18.62476,82.50634,708.1,17.0,119.4,1409.5,1.95,84.9,1333.9,2.42,1768.0,1,4,0,0,1,0.747
KPT-LOC-0954,18.53851,82.68593,1142.3,12.6,4.2,1522.1,1.63,388.0,428.0,0.46,1075.3,3,2,3,0,1,0.576
KPT-LOC-0955,19.06901,82.84554,953.3,34.0,37.1,1593.3,3.14,854.4,1979.3,0.39,879.1,0,3,1,2,0,0.469
KPT-LOC-0956,19.01652,83.05854,1062.9,27.1,144.7,1528.3,3.29,557.3,98.0,1.37,1195.8,1,2,1,1,0,0.476
KPT-LOC-0957,19.02542,83.32331,813.2,34.5,89.6,1493.0,2.9,625.0,787.1,1.19,1434.4,0,3,0,2,0,0.481
KPT-LOC-0958,18.80941,83.21812,716.0,30.0,104.3,1552.0,2.48,538.6,1201.7,2.92,711.6,1,4,0,1,1,0.716
KPT-LOC-0959,19.00844,82.61383,543.1,23.0,329.6,1601.4,1.34,838.5,1766.6,2.76,1114.2,1,3,2,1,1,0.801
KPT-LOC-0960,18.61035,82.90342,1192.2,15.0,74.0,1458.9,1.73,809.0,2098.0,0.33,1441.0,2,4,1,0,1,0.613
KPT-LOC-0961,18.73958,82.87641,800.0,21.4,35.6,1421.2,1.73,781.5,1380.7,2.3,1718.6,1,2,0,1,1,0.663
KPT-LOC-0962,18.80727,82.90606,1103.2,23.1,47.5,1571.2,3.47,400.0,642.3,1.33,691.6,2,3,2,1,1,0.718
KPT-LOC-0963,18.72789,82.62007,714.2,15.1,222.4,1439.3,1.01,633.3,2373.8,2.0,487.3,4,3,1,0,1,0.773
KPT-LOC-0964,18.61973,82.6504,850.0,11.8,53.2,1610.5,0.98,203.0,314.5,0.53,81.4,2,2,0,0,1,0.665
KPT-LOC-0965,19.11117,82.81498,626.2,33.7,169.2,1496.8,2.15,712.2,1757.0,0.99,360.5,0,3,0,2,1,0.546
KPT-LOC-0966,19.00925,83.07323,963.7,8.0,227.5,1588.5,2.37,156.4,594.2,1.6,342.9,0,2,3,0,1,0.727
KPT-LOC-0967,18.95448,83.23717,891.9,11.4,217.6,1578.1,1.41,408.0,1042.7,1.63,1698.7,1,3,2,0,1,0.666
KPT-LOC-0968,18.88407,83.15725,854.7,39.7,102.8,1480.9,3.23,625.2,777.9,0.47,685.6,4,4,3,2,0,0.52
KPT-LOC-0969,19.00985,82.51684,598.0,14.6,274.2,1459.6,0.97,259.1,258.5,1.13,990.7,1,3,0,0,1,0.669
KPT-LOC-0970,18.64055,82.91907,1162.0,5.2,18.5,1418.2,3.73,484.5,333.4,0.55,1482.7,0,5,2,0,1,0.663
KPT-LOC-0971,18.70261,82.85236,979.5,7.5,64.3,1580.6,3.13,200.6,474.7,1.89,1300.4,1,5,4,0,1,0.797
KPT-LOC-0972,18.65149,82.87379,830.8,24.4,279.9,1513.2,1.96,121.1,1759.7,2.86,1262.0,2,4,0,1,1,0.829
KPT-LOC-0973,18.62098,82.6068,903.8,39.6,152.6,1563.0,2.58,625.1,206.5,1.38,1634.7,0,4,1,2,1,0.527
KPT-LOC-0974,18.59253,82.72159,1079.6,40.5,329.2,1615.7,2.07,822.9,951.9,1.46,1160.8,2,4,0,2,1,0.574
KPT-LOC-0975,19.02267,82.82955,758.1,25.7,43.5,1521.1,2.35,791.7,539.2,0.53,1485.8,2,1,1,1,0,0.349
KPT-LOC-0976,18.9854,83.07546,1014.5,22.8,258.8,1566.1,1.2,751.1,2409.9,1.58,492.7,0,4,3,1,1,0.791
KPT-LOC-0977,18.92986,83.36114,699.4,5.4,221.9,1495.2,3.05,392.8,361.4,2.59,54.7,0,1,1,0,1,0.777
KPT-LOC-0978,18.86042,83.2371,819.7,21.5,275.6,1381.0,3.73,16.9,2018.5,1.85,1426.5,2,3,2,1,1,0.686
KPT-LOC-0979,18.985,82.56667,741.9,20.0,63.2,1615.9,1.85,583.0,2399.3,0.57,1545.3,1,3,1,1,1,0.598
KPT-LOC-0980,18.6319,82.91295,991.7,36.4,219.5,1600.9,3.28,146.0,1800.7,1.19,1045.3,0,4,1,2,1,0.56
KPT-LOC-0981,18.72356,82.79717,1048.3,8.5,15.8,1421.1,1.47,809.7,292.2,1.81,1774.1,0,5,2,0,1,0.74
KPT-LOC-0982,18.7702,82.78177,1034.4,13.9,172.2,1604.8,3.2,30.2,1747.7,2.95,1166.2,0,2,0,0,1,0.772
KPT-LOC-0983,18.74495,82.52312,742.9,37.9,147.3,1521.6,3.46,808.1,2151.2,1.13,242.8,2,2,1,2,1,0.528
KPT-LOC-0984,18.65174,82.68369,981.0,7.1,185.3,1406.7,1.35,245.6,2260.6,1.6,1835.0,1,2,2,0,1,0.597
KPT-LOC-0985,18.96373,82.90413,634.5,14.7,251.5,1543.6,1.14,689.5,979.0,1.37,883.3,1,2,3,0,1,0.664
KPT-LOC-0986,19.01906,83.04716,1004.1,21.7,68.4,1564.2,3.77,390.7,1198.6,1.76,1140.2,0,3,0,1,1,0.717
KPT-LOC-0987,18.90525,83.2667,806.0,17.0,92.7,1593.4,2.07,745.4,1292.5,1.59,705.5,2,5,1,0,1,0.818
KPT-LOC-0988,18.93464,83.17867,605.6,11.7,340.4,1586.6,1.97,495.4,698.4,2.79,1041.4,0,3,0,0,1,0.807
KPT-LOC-0989,19.10445,82.48143,628.9,21.3,176.1,1436.9,3.56,846.3,1665.1,2.0,1848.0,2,3,0,1,1,0.67
KPT-LOC-0990,18.53141,82.8595,1014.2,18.2,27.5,1495.0,1.91,515.7,1482.2,1.92,733.0,2,3,3,0,1,0.753
KPT-LOC-0991,18.78047,82.89739,961.1,27.8,175.3,1468.2,2.69,255.1,1266.8,2.04,629.2,1,4,2,1,1,0.646
KPT-LOC-0992,18.69019,82.79513,844.8,26.8,324.0,1606.6,2.38,156.1,836.1,3.05,1747.1,3,3,3,1,1,0.614
KPT-LOC-0993,18.61316,82.52164,949.6,9.0,164.5,1469.3,1.47,459.5,2460.0,1.22,657.2,0,3,1,0,1,0.702
KPT-LOC-0994,18.65013,82.78087,1168.8,37.1,220.4,1488.8,1.6,515.4,207.3,0.85,1276.3,4,4,3,2,0,0.506
KPT-LOC-0995,19.01983,82.81846,776.1,23.5,207.6,1583.6,3.54,909.8,1757.6,2.41,1513.3,1,3,1,1,1,0.742
KPT-LOC-0996,19.0106,83.0711,846.8,38.9,196.6,1611.5,0.85,824.5,1586.4,2.25,639.7,1,2,3,2,1,0.595
KPT-LOC-0997,19.01508,83.25805,807.7,3.7,286.1,1612.8,3.62,62.6,1271.4,1.24,1913.6,0,4,2,0,0,0.5
KPT-LOC-0998,18.9175,83.24381,555.5,24.8,291.9,1598.2,2.0,512.1,631.7,2.41,434.8,2,4,1,1,1,0.863
KPT-LOC-0999,18.99647,82.61484,537.8,21.2,54.7,1542.3,2.75,685.9,1008.7,2.11,2050.5,1,4,3,1,1,0.718
KPT-LOC-1000,18.55334,82.94607,948.1,39.5,209.3,1466.5,2.88,601.8,418.4,2.12,1749.9,0,3,0,2,1,0.528
