village_name,latitude,longitude,real_elevation_meters,district,state
Pottangi,18.5714,82.8804,947.0,Koraput,Odisha
Semiliguda,18.7042,82.8683,895.0,Koraput,Odisha
Sunabeda,18.7302,82.8458,901.0,Koraput,Odisha
Lamtaput,18.6675,82.567,969.0,Koraput,Odisha
Nandapur,18.5802,82.7105,1034.0,Koraput,Odisha
Dasamantapur,19.0431,82.8512,716.0,Koraput,Odisha
Laxmipur,18.988,83.125,969.0,Koraput,Odisha
Bandhugaon,18.95,83.31,453.0,Koraput,Odisha
Narayanpatna,18.871,83.184,375.0,Koraput,Odisha
Borigumma,19.0345,82.551,601.0,Koraput,Odisha
