year,month,date,monthly_rainfall_mm,avg_temperature_c,region
2020,01,2020-01-01,14.9,18.0,"Koraput, Odisha"
2020,02,2020-02-01,31.3,20.3,"Koraput, Odisha"
2020,03,2020-03-01,46.5,25.6,"Koraput, Odisha"
2020,04,2020-04-01,115.5,29.0,"Koraput, Odisha"
2020,05,2020-05-01,57.5,29.9,"Koraput, Odisha"
2020,06,2020-06-01,211.0,26.8,"Koraput, Odisha"
2020,07,2020-07-01,229.2,25.2,"Koraput, Odisha"
2020,08,2020-08-01,389.4,24.2,"Koraput, Odisha"
2020,09,2020-09-01,255.4,24.7,"Koraput, Odisha"
2020,10,2020-10-01,150.8,22.9,"Koraput, Odisha"
2020,11,2020-11-01,23.7,19.9,"Koraput, Odisha"
2020,12,2020-12-01,0.0,16.6,"Koraput, Odisha"
2020,13,2020-13-01,127.4,23.6,"Koraput, Odisha"
2021,01,2021-01-01,2.1,19.4,"Koraput, Odisha"
2021,02,2021-02-01,8.2,20.9,"Koraput, Odisha"
2021,03,2021-03-01,5.5,26.9,"Koraput, Odisha"
2021,04,2021-04-01,56.2,29.1,"Koraput, Odisha"
2021,05,2021-05-01,114.0,28.9,"Koraput, Odisha"
2021,06,2021-06-01,166.0,26.1,"Koraput, Odisha"
2021,07,2021-07-01,272.7,24.8,"Koraput, Odisha"
2021,08,2021-08-01,265.1,24.6,"Koraput, Odisha"
2021,09,2021-09-01,293.1,24.3,"Koraput, Odisha"
2021,10,2021-10-01,66.6,23.4,"Koraput, Odisha"
2021,11,2021-11-01,58.4,21.0,"Koraput, Odisha"
2021,12,2021-12-01,7.6,17.5,"Koraput, Odisha"
2021,13,2021-13-01,110.0,23.9,"Koraput, Odisha"
2022,01,2022-01-01,41.6,17.4,"Koraput, Odisha"
2022,02,2022-02-01,0.9,20.3,"Koraput, Odisha"
2022,03,2022-03-01,0.0,26.9,"Koraput, Odisha"
2022,04,2022-04-01,42.6,30.7,"Koraput, Odisha"
2022,05,2022-05-01,120.7,30.1,"Koraput, Odisha"
2022,06,2022-06-01,117.3,27.5,"Koraput, Odisha"
2022,07,2022-07-01,464.2,24.7,"Koraput, Odisha"
2022,08,2022-08-01,529.3,24.3,"Koraput, Odisha"
2022,09,2022-09-01,308.9,24.0,"Koraput, Odisha"
2022,10,2022-10-01,121.0,21.8,"Koraput, Odisha"
2022,11,2022-11-01,4.3,18.5,"Koraput, Odisha"
2022,12,2022-12-01,3.6,18.5,"Koraput, Odisha"
2022,13,2022-13-01,147.7,23.7,"Koraput, Odisha"
2023,01,2023-01-01,0.3,19.0,"Koraput, Odisha"
2023,02,2023-02-01,0.0,21.8,"Koraput, Odisha"
2023,03,2023-03-01,99.4,25.2,"Koraput, Odisha"
2023,04,2023-04-01,65.7,28.6,"Koraput, Odisha"
2023,05,2023-05-01,105.5,29.3,"Koraput, Odisha"
2023,06,2023-06-01,102.8,29.6,"Koraput, Odisha"
2023,07,2023-07-01,385.5,25.6,"Koraput, Odisha"
2023,08,2023-08-01,235.9,24.4,"Koraput, Odisha"
2023,09,2023-09-01,323.8,24.4,"Koraput, Odisha"
2023,10,2023-10-01,20.7,21.7,"Koraput, Odisha"
2023,11,2023-11-01,36.5,19.8,"Koraput, Odisha"
2023,12,2023-12-01,66.9,16.8,"Koraput, Odisha"
2023,13,2023-13-01,121.0,23.9,"Koraput, Odisha"
2024,01,2024-01-01,0.3,18.6,"Koraput, Odisha"
2024,02,2024-02-01,1.2,22.8,"Koraput, Odisha"
2024,03,2024-03-01,14.3,26.8,"Koraput, Odisha"
2024,04,2024-04-01,20.7,31.7,"Koraput, Odisha"
2024,05,2024-05-01,108.2,30.5,"Koraput, Odisha"
2024,06,2024-06-01,190.3,27.8,"Koraput, Odisha"
2024,07,2024-07-01,465.1,24.9,"Koraput, Odisha"
2024,08,2024-08-01,334.4,24.6,"Koraput, Odisha"
2024,09,2024-09-01,305.8,24.6,"Koraput, Odisha"
2024,10,2024-10-01,41.3,23.9,"Koraput, Odisha"
2024,11,2024-11-01,2.4,19.2,"Koraput, Odisha"
2024,12,2024-12-01,56.8,19.0,"Koraput, Odisha"
2024,13,2024-13-01,129.2,24.5,"Koraput, Odisha"
